flight_date,flights,delayed_flights,major_delay_day,over_three_delays
2019-01-01,1835,737,TRUE,TRUE
2019-01-02,2026,906,TRUE,TRUE
2019-01-03,2010,781,TRUE,TRUE
2019-01-04,2012,614,TRUE,TRUE
2019-01-05,1712,556,TRUE,TRUE
2019-01-06,1943,690,TRUE,TRUE
2019-01-07,2016,621,TRUE,TRUE
2019-01-08,1885,390,TRUE,TRUE
2019-01-09,2002,420,TRUE,TRUE
2019-01-10,1972,506,TRUE,TRUE
2019-01-11,2057,574,TRUE,TRUE
2019-01-12,1549,422,TRUE,TRUE
2019-01-13,1829,527,TRUE,TRUE
2019-01-14,1964,525,TRUE,TRUE
2019-01-15,1867,507,TRUE,TRUE
2019-01-16,1853,465,TRUE,TRUE
2019-01-17,2005,687,TRUE,TRUE
2019-01-18,1924,709,TRUE,TRUE
2019-01-19,1350,444,TRUE,TRUE
2019-01-20,1527,545,TRUE,TRUE
2019-01-21,1932,870,TRUE,TRUE
2019-01-22,1756,703,TRUE,TRUE
2019-01-23,1857,708,TRUE,TRUE
2019-01-24,2005,862,TRUE,TRUE
2019-01-25,2020,757,TRUE,TRUE
2019-01-26,1607,402,TRUE,TRUE
2019-01-27,1905,653,TRUE,TRUE
2019-01-28,1916,583,TRUE,TRUE
2019-01-29,1823,450,TRUE,TRUE
2019-01-30,1752,563,TRUE,TRUE
2019-01-31,1862,769,TRUE,TRUE
2019-02-01,2038,814,TRUE,TRUE
2019-02-02,1450,444,TRUE,TRUE
2019-02-03,1701,397,TRUE,TRUE
2019-02-04,1995,616,TRUE,TRUE
2019-02-05,1899,449,TRUE,TRUE
2019-02-06,1905,571,TRUE,TRUE
2019-02-07,1951,794,TRUE,TRUE
2019-02-08,2018,764,TRUE,TRUE
2019-02-09,1570,424,TRUE,TRUE
2019-02-10,1840,724,TRUE,TRUE
2019-02-11,1953,828,TRUE,TRUE
2019-02-12,1775,792,TRUE,TRUE
2019-02-13,1945,767,TRUE,TRUE
2019-02-14,2164,831,TRUE,TRUE
2019-02-15,2050,737,TRUE,TRUE
2019-02-16,1613,507,TRUE,TRUE
2019-02-17,1732,649,TRUE,TRUE
2019-02-18,2025,962,TRUE,TRUE
2019-02-19,1975,814,TRUE,TRUE
2019-02-20,1852,972,TRUE,TRUE
2019-02-21,1990,935,TRUE,TRUE
2019-02-22,2123,948,TRUE,TRUE
2019-02-23,1594,586,TRUE,TRUE
2019-02-24,1879,710,TRUE,TRUE
2019-02-25,1968,813,TRUE,TRUE
2019-02-26,2001,682,TRUE,TRUE
2019-02-27,1973,671,TRUE,TRUE
2019-02-28,2063,902,TRUE,TRUE
2019-03-01,2057,914,TRUE,TRUE
2019-03-02,1761,764,TRUE,TRUE
2019-03-03,1888,861,TRUE,TRUE
2019-03-04,2060,865,TRUE,TRUE
2019-03-05,2003,715,TRUE,TRUE
2019-03-06,2011,661,TRUE,TRUE
2019-03-07,2096,711,TRUE,TRUE
2019-03-08,2205,799,TRUE,TRUE
2019-03-09,1796,832,TRUE,TRUE
2019-03-10,2158,1040,TRUE,TRUE
2019-03-11,2185,688,TRUE,TRUE
2019-03-12,2085,662,TRUE,TRUE
2019-03-13,1970,681,TRUE,TRUE
2019-03-14,2105,872,TRUE,TRUE
2019-03-15,2197,919,TRUE,TRUE
2019-03-16,1824,640,TRUE,TRUE
2019-03-17,2080,614,TRUE,TRUE
2019-03-18,2163,550,TRUE,TRUE
2019-03-19,2015,459,TRUE,TRUE
2019-03-20,2133,524,TRUE,TRUE
2019-03-21,2197,717,TRUE,TRUE
2019-03-22,2179,768,TRUE,TRUE
2019-03-23,1807,512,TRUE,TRUE
2019-03-24,2079,557,TRUE,TRUE
2019-03-25,2201,691,TRUE,TRUE
2019-03-26,2081,577,TRUE,TRUE
2019-03-27,2069,510,TRUE,TRUE
2019-03-28,2205,601,TRUE,TRUE
2019-03-29,2169,579,TRUE,TRUE
2019-03-30,1733,476,TRUE,TRUE
2019-03-31,2084,647,TRUE,TRUE
2019-04-01,2125,1009,TRUE,TRUE
2019-04-02,2118,472,TRUE,TRUE
2019-04-03,2008,488,TRUE,TRUE
2019-04-04,2151,676,TRUE,TRUE
2019-04-05,2191,686,TRUE,TRUE
2019-04-06,1807,508,TRUE,TRUE
2019-04-07,1957,726,TRUE,TRUE
2019-04-08,2155,760,TRUE,TRUE
2019-04-09,2054,638,TRUE,TRUE
2019-04-10,2030,654,TRUE,TRUE
2019-04-11,2017,654,TRUE,TRUE
2019-04-12,2102,849,TRUE,TRUE
2019-04-13,1654,599,TRUE,TRUE
2019-04-14,1904,955,TRUE,TRUE
2019-04-15,2092,963,TRUE,TRUE
2019-04-16,2079,571,TRUE,TRUE
2019-04-17,2042,539,TRUE,TRUE
2019-04-18,2133,866,TRUE,TRUE
2019-04-19,2029,940,TRUE,TRUE
2019-04-20,1701,526,TRUE,TRUE
2019-04-21,2097,527,TRUE,TRUE
2019-04-22,2097,665,TRUE,TRUE
2019-04-23,2019,505,TRUE,TRUE
2019-04-24,2090,562,TRUE,TRUE
2019-04-25,2131,541,TRUE,TRUE
2019-04-26,2096,769,TRUE,TRUE
2019-04-27,1608,479,TRUE,TRUE
2019-04-28,2032,592,TRUE,TRUE
2019-04-29,2149,816,TRUE,TRUE
2019-04-30,1956,618,TRUE,TRUE
2019-05-01,2062,625,TRUE,TRUE
2019-05-02,2136,1014,TRUE,TRUE
2019-05-03,2132,892,TRUE,TRUE
2019-05-04,1732,531,TRUE,TRUE
2019-05-05,2038,735,TRUE,TRUE
2019-05-06,2118,646,TRUE,TRUE
2019-05-07,2111,606,TRUE,TRUE
2019-05-08,2085,817,TRUE,TRUE
2019-05-09,2175,851,TRUE,TRUE
2019-05-10,2170,823,TRUE,TRUE
2019-05-11,1726,634,TRUE,TRUE
2019-05-12,2065,705,TRUE,TRUE
2019-05-13,2196,827,TRUE,TRUE
2019-05-14,2068,534,TRUE,TRUE
2019-05-15,2187,589,TRUE,TRUE
2019-05-16,2203,812,TRUE,TRUE
2019-05-17,2224,784,TRUE,TRUE
2019-05-18,1668,658,TRUE,TRUE
2019-05-19,2092,933,TRUE,TRUE
2019-05-20,2169,883,TRUE,TRUE
2019-05-21,2043,843,TRUE,TRUE
2019-05-22,2154,652,TRUE,TRUE
2019-05-23,2126,1007,TRUE,TRUE
2019-05-24,2187,874,TRUE,TRUE
2019-05-25,1619,387,TRUE,TRUE
2019-05-26,1792,423,TRUE,TRUE
2019-05-27,2026,565,TRUE,TRUE
2019-05-28,2097,812,TRUE,TRUE
2019-05-29,2035,840,TRUE,TRUE
2019-05-30,2107,798,TRUE,TRUE
2019-05-31,2099,729,TRUE,TRUE
2019-06-01,1790,603,TRUE,TRUE
2019-06-02,2078,817,TRUE,TRUE
2019-06-03,2194,690,TRUE,TRUE
2019-06-04,2161,578,TRUE,TRUE
2019-06-05,2129,821,TRUE,TRUE
2019-06-06,2216,766,TRUE,TRUE
2019-06-07,2184,799,TRUE,TRUE
2019-06-08,1828,760,TRUE,TRUE
2019-06-09,2064,957,TRUE,TRUE
2019-06-10,2168,1052,TRUE,TRUE
2019-06-11,2110,830,TRUE,TRUE
2019-06-12,2312,933,TRUE,TRUE
2019-06-13,2261,1009,TRUE,TRUE
2019-06-14,2262,807,TRUE,TRUE
2019-06-15,1873,696,TRUE,TRUE
2019-06-16,2006,923,TRUE,TRUE
2019-06-17,2186,1012,TRUE,TRUE
2019-06-18,2136,949,TRUE,TRUE
2019-06-19,2245,1087,TRUE,TRUE
2019-06-20,2195,1085,TRUE,TRUE
2019-06-21,2094,960,TRUE,TRUE
2019-06-22,1902,806,TRUE,TRUE
2019-06-23,2152,1002,TRUE,TRUE
2019-06-24,2251,1018,TRUE,TRUE
2019-06-25,2117,1012,TRUE,TRUE
2019-06-26,2123,815,TRUE,TRUE
2019-06-27,2265,838,TRUE,TRUE
2019-06-28,2253,839,TRUE,TRUE
2019-06-29,1944,836,TRUE,TRUE
2019-06-30,2071,915,TRUE,TRUE
2019-07-01,2081,666,TRUE,TRUE
2019-07-02,2008,659,TRUE,TRUE
2019-07-03,1981,711,TRUE,TRUE
2019-07-04,1640,432,TRUE,TRUE
2019-07-05,1816,574,TRUE,TRUE
2019-07-06,1899,777,TRUE,TRUE
2019-07-07,2194,1038,TRUE,TRUE
2019-07-08,2274,1038,TRUE,TRUE
2019-07-09,2234,780,TRUE,TRUE
2019-07-10,2191,701,TRUE,TRUE
2019-07-11,2195,903,TRUE,TRUE
2019-07-12,2183,922,TRUE,TRUE
2019-07-13,1844,592,TRUE,TRUE
2019-07-14,2173,670,TRUE,TRUE
2019-07-15,2313,790,TRUE,TRUE
2019-07-16,2316,797,TRUE,TRUE
2019-07-17,2208,916,TRUE,TRUE
2019-07-18,2188,1074,TRUE,TRUE
2019-07-19,2241,983,TRUE,TRUE
2019-07-20,1989,912,TRUE,TRUE
2019-07-21,2161,987,TRUE,TRUE
2019-07-22,2121,854,TRUE,TRUE
2019-07-23,2182,884,TRUE,TRUE
2019-07-24,2177,736,TRUE,TRUE
2019-07-25,2368,695,TRUE,TRUE
2019-07-26,2166,667,TRUE,TRUE
2019-07-27,2014,540,TRUE,TRUE
2019-07-28,2117,622,TRUE,TRUE
2019-07-29,2228,781,TRUE,TRUE
2019-07-30,2315,819,TRUE,TRUE
2019-07-31,2134,817,TRUE,TRUE
2019-08-01,2263,1080,TRUE,TRUE
2019-08-02,2333,1030,TRUE,TRUE
2019-08-03,1919,694,TRUE,TRUE
2019-08-04,2218,836,TRUE,TRUE
2019-08-05,2268,740,TRUE,TRUE
2019-08-06,2239,820,TRUE,TRUE
2019-08-07,2185,872,TRUE,TRUE
2019-08-08,2257,1056,TRUE,TRUE
2019-08-09,2301,860,TRUE,TRUE
2019-08-10,1980,631,TRUE,TRUE
2019-08-11,2154,718,TRUE,TRUE
2019-08-12,2198,687,TRUE,TRUE
2019-08-13,2205,803,TRUE,TRUE
2019-08-14,2212,882,TRUE,TRUE
2019-08-15,2278,864,TRUE,TRUE
2019-08-16,2205,830,TRUE,TRUE
2019-08-17,1901,769,TRUE,TRUE
2019-08-18,2156,886,TRUE,TRUE
2019-08-19,2117,848,TRUE,TRUE
2019-08-20,1990,864,TRUE,TRUE
2019-08-21,2121,823,TRUE,TRUE
2019-08-22,2165,875,TRUE,TRUE
2019-08-23,2330,844,TRUE,TRUE
2019-08-24,1831,379,TRUE,TRUE
2019-08-25,2194,564,TRUE,TRUE
2019-08-26,2156,633,TRUE,TRUE
2019-08-27,2136,638,TRUE,TRUE
2019-08-28,2098,544,TRUE,TRUE
2019-08-29,2150,618,TRUE,TRUE
2019-08-30,2188,676,TRUE,TRUE
2019-08-31,1660,439,TRUE,TRUE
2019-09-01,1691,360,TRUE,TRUE
2019-09-02,1980,512,TRUE,TRUE
2019-09-03,1903,557,TRUE,TRUE
2019-09-04,1985,424,TRUE,TRUE
2019-09-05,2116,441,TRUE,TRUE
2019-09-06,2130,544,TRUE,TRUE
2019-09-07,1674,307,TRUE,TRUE
2019-09-08,2078,528,TRUE,TRUE
2019-09-09,2154,600,TRUE,TRUE
2019-09-10,2050,585,TRUE,TRUE
2019-09-11,2141,598,TRUE,TRUE
2019-09-12,2143,847,TRUE,TRUE
2019-09-13,2233,796,TRUE,TRUE
2019-09-14,1669,346,TRUE,TRUE
2019-09-15,2093,602,TRUE,TRUE
2019-09-16,2197,593,TRUE,TRUE
2019-09-17,2123,555,TRUE,TRUE
2019-09-18,2132,620,TRUE,TRUE
2019-09-19,2098,729,TRUE,TRUE
2019-09-20,2029,685,TRUE,TRUE
2019-09-21,1688,383,TRUE,TRUE
2019-09-22,2170,598,TRUE,TRUE
2019-09-23,2201,600,TRUE,TRUE
2019-09-24,2043,434,TRUE,TRUE
2019-09-25,2076,422,TRUE,TRUE
2019-09-26,2176,668,TRUE,TRUE
2019-09-27,2188,688,TRUE,TRUE
2019-09-28,1697,469,TRUE,TRUE
2019-09-29,2085,626,TRUE,TRUE
2019-09-30,2103,566,TRUE,TRUE
2019-10-01,2075,445,TRUE,TRUE
2019-10-02,2111,536,TRUE,TRUE
2019-10-03,2166,600,TRUE,TRUE
2019-10-04,2232,613,TRUE,TRUE
2019-10-05,1760,378,TRUE,TRUE
2019-10-06,2155,627,TRUE,TRUE
2019-10-07,2213,633,TRUE,TRUE
2019-10-08,2111,506,TRUE,TRUE
2019-10-09,2140,612,TRUE,TRUE
2019-10-10,2190,826,TRUE,TRUE
2019-10-11,2246,1017,TRUE,TRUE
2019-10-12,1760,440,TRUE,TRUE
2019-10-13,2120,601,TRUE,TRUE
2019-10-14,2191,569,TRUE,TRUE
2019-10-15,2094,557,TRUE,TRUE
2019-10-16,2121,703,TRUE,TRUE
2019-10-17,2207,792,TRUE,TRUE
2019-10-18,2255,753,TRUE,TRUE
2019-10-19,1755,455,TRUE,TRUE
2019-10-20,2217,811,TRUE,TRUE
2019-10-21,2247,963,TRUE,TRUE
2019-10-22,2085,700,TRUE,TRUE
2019-10-23,2156,536,TRUE,TRUE
2019-10-24,2160,695,TRUE,TRUE
2019-10-25,2181,833,TRUE,TRUE
2019-10-26,1673,439,TRUE,TRUE
2019-10-27,2026,716,TRUE,TRUE
2019-10-28,2049,574,TRUE,TRUE
2019-10-29,1955,662,TRUE,TRUE
2019-10-30,1954,820,TRUE,TRUE
2019-10-31,1806,766,TRUE,TRUE
2019-11-01,2046,689,TRUE,TRUE
2019-11-02,1682,406,TRUE,TRUE
2019-11-03,2111,561,TRUE,TRUE
2019-11-04,2222,528,TRUE,TRUE
2019-11-05,1998,440,TRUE,TRUE
2019-11-06,2089,564,TRUE,TRUE
2019-11-07,2238,799,TRUE,TRUE
2019-11-08,2082,777,TRUE,TRUE
2019-11-09,1720,429,TRUE,TRUE
2019-11-10,2137,537,TRUE,TRUE
2019-11-11,2051,877,TRUE,TRUE
2019-11-12,2118,959,TRUE,TRUE
2019-11-13,2150,628,TRUE,TRUE
2019-11-14,2237,687,TRUE,TRUE
2019-11-15,2185,651,TRUE,TRUE
2019-11-16,1743,359,TRUE,TRUE
2019-11-17,2082,532,TRUE,TRUE
2019-11-18,2165,605,TRUE,TRUE
2019-11-19,2164,472,TRUE,TRUE
2019-11-20,2113,574,TRUE,TRUE
2019-11-21,2193,651,TRUE,TRUE
2019-11-22,2245,692,TRUE,TRUE
2019-11-23,1883,476,TRUE,TRUE
2019-11-24,2095,507,TRUE,TRUE
2019-11-25,2157,474,TRUE,TRUE
2019-11-26,2123,692,TRUE,TRUE
2019-11-27,2169,780,TRUE,TRUE
2019-11-28,1333,290,TRUE,TRUE
2019-11-29,1536,403,TRUE,TRUE
2019-11-30,2159,931,TRUE,TRUE
2019-12-01,2292,1186,TRUE,TRUE
2019-12-02,2189,1125,TRUE,TRUE
2019-12-03,1978,894,TRUE,TRUE
2019-12-04,1983,729,TRUE,TRUE
2019-12-05,2180,661,TRUE,TRUE
2019-12-06,2182,645,TRUE,TRUE
2019-12-07,1628,416,TRUE,TRUE
2019-12-08,2097,544,TRUE,TRUE
2019-12-09,2164,865,TRUE,TRUE
2019-12-10,2077,620,TRUE,TRUE
2019-12-11,2023,732,TRUE,TRUE
2019-12-12,2167,747,TRUE,TRUE
2019-12-13,2199,869,TRUE,TRUE
2019-12-14,1611,536,TRUE,TRUE
2019-12-15,2116,616,TRUE,TRUE
2019-12-16,2120,747,TRUE,TRUE
2019-12-17,1866,798,TRUE,TRUE
2019-12-18,2031,850,TRUE,TRUE
2019-12-19,2137,928,TRUE,TRUE
2019-12-20,2187,905,TRUE,TRUE
2019-12-21,2021,830,TRUE,TRUE
2019-12-22,2151,1012,TRUE,TRUE
2019-12-23,2173,1052,TRUE,TRUE
2019-12-24,1678,571,TRUE,TRUE
2019-12-25,1691,424,TRUE,TRUE
2019-12-26,2105,768,TRUE,TRUE
2019-12-27,2101,792,TRUE,TRUE
2019-12-28,1963,904,TRUE,TRUE
2019-12-29,2168,989,TRUE,TRUE
2019-12-30,2188,985,TRUE,TRUE
2019-12-31,1776,674,TRUE,TRUE
2020-01-01,1862,551,TRUE,TRUE
2020-01-02,2135,660,TRUE,TRUE
2020-01-03,2053,739,TRUE,TRUE
2020-01-04,1880,807,TRUE,TRUE
2020-01-05,2149,778,TRUE,TRUE
2020-01-06,2083,605,TRUE,TRUE
2020-01-07,1987,394,TRUE,TRUE
2020-01-08,1974,463,TRUE,TRUE
2020-01-09,2181,418,TRUE,TRUE
2020-01-10,2076,584,TRUE,TRUE
2020-01-11,1449,556,TRUE,TRUE
2020-01-12,2058,732,TRUE,TRUE
2020-01-13,2048,637,TRUE,TRUE
2020-01-14,1961,494,TRUE,TRUE
2020-01-15,2012,412,TRUE,TRUE
2020-01-16,2091,799,TRUE,TRUE
2020-01-17,2077,769,TRUE,TRUE
2020-01-18,1547,588,TRUE,TRUE
2020-01-19,1852,517,TRUE,TRUE
2020-01-20,2082,555,TRUE,TRUE
2020-01-21,1969,459,TRUE,TRUE
2020-01-22,1997,388,TRUE,TRUE
2020-01-23,2136,568,TRUE,TRUE
2020-01-24,2058,552,TRUE,TRUE
2020-01-25,1564,364,TRUE,TRUE
2020-01-26,1996,445,TRUE,TRUE
2020-01-27,2074,547,TRUE,TRUE
2020-01-28,1935,343,TRUE,TRUE
2020-01-29,1941,313,TRUE,TRUE
2020-01-30,2135,478,TRUE,TRUE
2020-01-31,2068,577,TRUE,TRUE
2020-02-01,1615,379,TRUE,TRUE
2020-02-02,1913,389,TRUE,TRUE
2020-02-03,2086,530,TRUE,TRUE
2020-02-04,1970,370,TRUE,TRUE
2020-02-05,1967,451,TRUE,TRUE
2020-02-06,2060,969,TRUE,TRUE
2020-02-07,2031,1018,TRUE,TRUE
2020-02-08,1666,428,TRUE,TRUE
2020-02-09,1968,666,TRUE,TRUE
2020-02-10,2158,625,TRUE,TRUE
2020-02-11,1973,446,TRUE,TRUE
2020-02-12,1976,487,TRUE,TRUE
2020-02-13,2104,1103,TRUE,TRUE
2020-02-14,2140,690,TRUE,TRUE
2020-02-15,1707,433,TRUE,TRUE
2020-02-16,1832,417,TRUE,TRUE
2020-02-17,2112,523,TRUE,TRUE
2020-02-18,2135,589,TRUE,TRUE
2020-02-19,2098,487,TRUE,TRUE
2020-02-20,2101,595,TRUE,TRUE
2020-02-21,2158,585,TRUE,TRUE
2020-02-22,1732,381,TRUE,TRUE
2020-02-23,2131,478,TRUE,TRUE
2020-02-24,2156,509,TRUE,TRUE
2020-02-25,2021,451,TRUE,TRUE
2020-02-26,2081,625,TRUE,TRUE
2020-02-27,2134,630,TRUE,TRUE
2020-02-28,2212,569,TRUE,TRUE
2020-02-29,1731,400,TRUE,TRUE
2020-03-01,2069,497,TRUE,TRUE
2020-03-02,2140,416,TRUE,TRUE
2020-03-03,2077,337,TRUE,TRUE
2020-03-04,2122,512,TRUE,TRUE
2020-03-05,2175,437,TRUE,TRUE
2020-03-06,2227,517,TRUE,TRUE
2020-03-07,1834,331,TRUE,TRUE
2020-03-08,2071,474,TRUE,TRUE
2020-03-09,2232,360,TRUE,TRUE
2020-03-10,2177,401,TRUE,TRUE
2020-03-11,2111,391,TRUE,TRUE
2020-03-12,2265,461,TRUE,TRUE
2020-03-13,2267,701,TRUE,TRUE
2020-03-14,1871,463,TRUE,TRUE
2020-03-15,2172,444,TRUE,TRUE
2020-03-16,2219,353,TRUE,TRUE
2020-03-17,2085,313,TRUE,TRUE
2020-03-18,2064,353,TRUE,TRUE
2020-03-19,1869,406,TRUE,TRUE
2020-03-20,1877,418,TRUE,TRUE
2020-03-21,1511,284,TRUE,TRUE
2020-03-22,1543,266,TRUE,TRUE
2020-03-23,1448,222,TRUE,TRUE
2020-03-24,1343,153,TRUE,TRUE
2020-03-25,1202,124,TRUE,TRUE
2020-03-26,1120,122,TRUE,TRUE
2020-03-27,1024,89,TRUE,TRUE
2020-03-28,1012,122,TRUE,TRUE
2020-03-29,1024,86,TRUE,TRUE
2020-03-30,1010,98,TRUE,TRUE
2020-03-31,991,104,TRUE,TRUE
2020-04-01,917,124,TRUE,TRUE
2020-04-02,840,97,TRUE,TRUE
2020-04-03,876,98,TRUE,TRUE
2020-04-04,752,73,TRUE,TRUE
2020-04-05,813,69,TRUE,TRUE
2020-04-06,787,150,TRUE,TRUE
2020-04-07,749,44,TRUE,TRUE
2020-04-08,707,56,TRUE,TRUE
2020-04-09,716,67,TRUE,TRUE
2020-04-10,692,43,TRUE,TRUE
2020-04-11,626,45,TRUE,TRUE
2020-04-12,648,66,TRUE,TRUE
2020-04-13,669,58,TRUE,TRUE
2020-04-14,561,45,TRUE,TRUE
2020-04-15,607,60,TRUE,TRUE
2020-04-16,547,54,TRUE,TRUE
2020-04-17,577,51,TRUE,TRUE
2020-04-18,491,52,TRUE,TRUE
2020-04-19,521,62,TRUE,TRUE
2020-04-20,504,40,TRUE,TRUE
2020-04-21,522,33,TRUE,TRUE
2020-04-22,482,44,TRUE,TRUE
2020-04-23,561,43,TRUE,TRUE
2020-04-24,537,71,TRUE,TRUE
2020-04-25,457,45,TRUE,TRUE
2020-04-26,496,47,TRUE,TRUE
2020-04-27,516,37,TRUE,TRUE
2020-04-28,528,54,TRUE,TRUE
2020-04-29,512,46,TRUE,TRUE
2020-04-30,520,51,TRUE,TRUE
2020-05-01,551,47,TRUE,TRUE
2020-05-02,487,52,TRUE,TRUE
2020-05-03,552,49,TRUE,TRUE
2020-05-04,604,68,TRUE,TRUE
2020-05-05,491,58,TRUE,TRUE
2020-05-06,492,50,TRUE,TRUE
2020-05-07,576,65,TRUE,TRUE
2020-05-08,586,78,TRUE,TRUE
2020-05-09,501,37,TRUE,TRUE
2020-05-10,542,45,TRUE,TRUE
2020-05-11,594,59,TRUE,TRUE
2020-05-12,500,51,TRUE,TRUE
2020-05-13,539,48,TRUE,TRUE
2020-05-14,594,84,TRUE,TRUE
2020-05-15,572,82,TRUE,TRUE
2020-05-16,509,54,TRUE,TRUE
2020-05-17,574,60,TRUE,TRUE
2020-05-18,555,57,TRUE,TRUE
2020-05-19,505,59,TRUE,TRUE
2020-05-20,594,59,TRUE,TRUE
2020-05-21,623,89,TRUE,TRUE
2020-05-22,592,103,TRUE,TRUE
2020-05-23,516,60,TRUE,TRUE
2020-05-24,603,70,TRUE,TRUE
2020-05-25,617,78,TRUE,TRUE
2020-05-26,514,84,TRUE,TRUE
2020-05-27,578,85,TRUE,TRUE
2020-05-28,656,108,TRUE,TRUE
2020-05-29,592,83,TRUE,TRUE
2020-05-30,545,91,TRUE,TRUE
2020-05-31,661,86,TRUE,TRUE
2020-06-01,644,87,TRUE,TRUE
2020-06-02,546,74,TRUE,TRUE
2020-06-03,608,97,TRUE,TRUE
2020-06-04,740,116,TRUE,TRUE
2020-06-05,697,103,TRUE,TRUE
2020-06-06,659,102,TRUE,TRUE
2020-06-07,775,101,TRUE,TRUE
2020-06-08,803,102,TRUE,TRUE
2020-06-09,679,84,TRUE,TRUE
2020-06-10,688,97,TRUE,TRUE
2020-06-11,790,122,TRUE,TRUE
2020-06-12,814,132,TRUE,TRUE
2020-06-13,692,97,TRUE,TRUE
2020-06-14,801,103,TRUE,TRUE
2020-06-15,841,86,TRUE,TRUE
2020-06-16,726,80,TRUE,TRUE
2020-06-17,762,105,TRUE,TRUE
2020-06-18,836,131,TRUE,TRUE
2020-06-19,897,155,TRUE,TRUE
2020-06-20,735,117,TRUE,TRUE
2020-06-21,873,192,TRUE,TRUE
2020-06-22,830,161,TRUE,TRUE
2020-06-23,747,141,TRUE,TRUE
2020-06-24,745,120,TRUE,TRUE
2020-06-25,898,151,TRUE,TRUE
2020-06-26,869,173,TRUE,TRUE
2020-06-27,808,139,TRUE,TRUE
2020-06-28,885,176,TRUE,TRUE
2020-06-29,936,169,TRUE,TRUE
2020-06-30,752,117,TRUE,TRUE
2020-07-01,879,177,TRUE,TRUE
2020-07-02,1072,237,TRUE,TRUE
2020-07-03,1059,183,TRUE,TRUE
2020-07-04,827,95,TRUE,TRUE
2020-07-05,1030,217,TRUE,TRUE
2020-07-06,1069,232,TRUE,TRUE
2020-07-07,1081,221,TRUE,TRUE
2020-07-08,1135,168,TRUE,TRUE
2020-07-09,1240,196,TRUE,TRUE
2020-07-10,1219,247,TRUE,TRUE
2020-07-11,1192,179,TRUE,TRUE
2020-07-12,1205,191,TRUE,TRUE
2020-07-13,1226,159,TRUE,TRUE
2020-07-14,1092,127,TRUE,TRUE
2020-07-15,1137,161,TRUE,TRUE
2020-07-16,1217,162,TRUE,TRUE
2020-07-17,1250,193,TRUE,TRUE
2020-07-18,1247,183,TRUE,TRUE
2020-07-19,1249,271,TRUE,TRUE
2020-07-20,1292,198,TRUE,TRUE
2020-07-21,1076,150,TRUE,TRUE
2020-07-22,1130,168,TRUE,TRUE
2020-07-23,1211,175,TRUE,TRUE
2020-07-24,1326,181,TRUE,TRUE
2020-07-25,1180,183,TRUE,TRUE
2020-07-26,1269,171,TRUE,TRUE
2020-07-27,1285,162,TRUE,TRUE
2020-07-28,1076,129,TRUE,TRUE
2020-07-29,1095,144,TRUE,TRUE
2020-07-30,1234,150,TRUE,TRUE
2020-07-31,1214,174,TRUE,TRUE
2020-08-01,1220,209,TRUE,TRUE
2020-08-02,1318,201,TRUE,TRUE
2020-08-03,1272,200,TRUE,TRUE
2020-08-04,1059,191,TRUE,TRUE
2020-08-05,1106,138,TRUE,TRUE
2020-08-06,1255,189,TRUE,TRUE
2020-08-07,1305,185,TRUE,TRUE
2020-08-08,1201,135,TRUE,TRUE
2020-08-09,1220,171,TRUE,TRUE
2020-08-10,1315,255,TRUE,TRUE
2020-08-11,1119,125,TRUE,TRUE
2020-08-12,1145,164,TRUE,TRUE
2020-08-13,1295,216,TRUE,TRUE
2020-08-14,1312,199,TRUE,TRUE
2020-08-15,1245,176,TRUE,TRUE
2020-08-16,1332,243,TRUE,TRUE
2020-08-17,1284,217,TRUE,TRUE
2020-08-18,1092,133,TRUE,TRUE
2020-08-19,1126,137,TRUE,TRUE
2020-08-20,1339,171,TRUE,TRUE
2020-08-21,1290,162,TRUE,TRUE
2020-08-22,1230,153,TRUE,TRUE
2020-08-23,1320,264,TRUE,TRUE
2020-08-24,1248,211,TRUE,TRUE
2020-08-25,1046,105,TRUE,TRUE
2020-08-26,1079,152,TRUE,TRUE
2020-08-27,1294,202,TRUE,TRUE
2020-08-28,1266,245,TRUE,TRUE
2020-08-29,1195,135,TRUE,TRUE
2020-08-30,1313,246,TRUE,TRUE
2020-08-31,1299,199,TRUE,TRUE
2020-09-01,1069,154,TRUE,TRUE
2020-09-02,1020,119,TRUE,TRUE
2020-09-03,1271,187,TRUE,TRUE
2020-09-04,1233,195,TRUE,TRUE
2020-09-05,1119,168,TRUE,TRUE
2020-09-06,1062,136,TRUE,TRUE
2020-09-07,1209,188,TRUE,TRUE
2020-09-08,995,218,TRUE,TRUE
2020-09-09,983,197,TRUE,TRUE
2020-09-10,1144,176,TRUE,TRUE
2020-09-11,1114,136,TRUE,TRUE
2020-09-12,1094,153,TRUE,TRUE
2020-09-13,1108,154,TRUE,TRUE
2020-09-14,1144,167,TRUE,TRUE
2020-09-15,936,118,TRUE,TRUE
2020-09-16,1040,127,TRUE,TRUE
2020-09-17,1148,213,TRUE,TRUE
2020-09-18,1205,199,TRUE,TRUE
2020-09-19,974,106,TRUE,TRUE
2020-09-20,1154,165,TRUE,TRUE
2020-09-21,1118,126,TRUE,TRUE
2020-09-22,925,126,TRUE,TRUE
2020-09-23,984,115,TRUE,TRUE
2020-09-24,1147,161,TRUE,TRUE
2020-09-25,1094,164,TRUE,TRUE
2020-09-26,1058,150,TRUE,TRUE
2020-09-27,1140,138,TRUE,TRUE
2020-09-28,1153,160,TRUE,TRUE
2020-09-29,953,130,TRUE,TRUE
2020-09-30,1029,137,TRUE,TRUE
2020-10-01,1157,202,TRUE,TRUE
2020-10-02,1222,181,TRUE,TRUE
2020-10-03,1081,150,TRUE,TRUE
2020-10-04,1219,187,TRUE,TRUE
2020-10-05,1218,154,TRUE,TRUE
2020-10-06,996,112,TRUE,TRUE
2020-10-07,1046,106,TRUE,TRUE
2020-10-08,1242,180,TRUE,TRUE
2020-10-09,1251,201,TRUE,TRUE
2020-10-10,1155,168,TRUE,TRUE
2020-10-11,1284,241,TRUE,TRUE
2020-10-12,1245,203,TRUE,TRUE
2020-10-13,972,131,TRUE,TRUE
2020-10-14,1053,129,TRUE,TRUE
2020-10-15,1250,159,TRUE,TRUE
2020-10-16,1262,236,TRUE,TRUE
2020-10-17,1191,182,TRUE,TRUE
2020-10-18,1374,262,TRUE,TRUE
2020-10-19,1214,192,TRUE,TRUE
2020-10-20,1029,151,TRUE,TRUE
2020-10-21,1045,134,TRUE,TRUE
2020-10-22,1257,243,TRUE,TRUE
2020-10-23,1257,396,TRUE,TRUE
2020-10-24,1080,157,TRUE,TRUE
2020-10-25,1226,303,TRUE,TRUE
2020-10-26,1172,277,TRUE,TRUE
2020-10-27,1010,178,TRUE,TRUE
2020-10-28,990,156,TRUE,TRUE
2020-10-29,1134,211,TRUE,TRUE
2020-10-30,1185,211,TRUE,TRUE
2020-10-31,936,140,TRUE,TRUE
2020-11-01,1256,203,TRUE,TRUE
2020-11-02,1188,170,TRUE,TRUE
2020-11-03,922,97,TRUE,TRUE
2020-11-04,985,112,TRUE,TRUE
2020-11-05,1247,161,TRUE,TRUE
2020-11-06,1271,153,TRUE,TRUE
2020-11-07,1077,104,TRUE,TRUE
2020-11-08,1333,229,TRUE,TRUE
2020-11-09,1311,200,TRUE,TRUE
2020-11-10,957,115,TRUE,TRUE
2020-11-11,1060,154,TRUE,TRUE
2020-11-12,1320,264,TRUE,TRUE
2020-11-13,1314,193,TRUE,TRUE
2020-11-14,1195,165,TRUE,TRUE
2020-11-15,1365,218,TRUE,TRUE
2020-11-16,1254,147,TRUE,TRUE
2020-11-17,1004,109,TRUE,TRUE
2020-11-18,1080,112,TRUE,TRUE
2020-11-19,1399,175,TRUE,TRUE
2020-11-20,1364,174,TRUE,TRUE
2020-11-21,1393,203,TRUE,TRUE
2020-11-22,1381,208,TRUE,TRUE
2020-11-23,1282,182,TRUE,TRUE
2020-11-24,1428,351,TRUE,TRUE
2020-11-25,1390,224,TRUE,TRUE
2020-11-26,753,70,TRUE,TRUE
2020-11-27,1142,144,TRUE,TRUE
2020-11-28,1448,181,TRUE,TRUE
2020-11-29,1538,211,TRUE,TRUE
2020-11-30,1459,290,TRUE,TRUE
2020-12-01,1152,253,TRUE,TRUE
2020-12-02,960,158,TRUE,TRUE
2020-12-03,1277,192,TRUE,TRUE
2020-12-04,1215,132,TRUE,TRUE
2020-12-05,1016,150,TRUE,TRUE
2020-12-06,1221,171,TRUE,TRUE
2020-12-07,1218,148,TRUE,TRUE
2020-12-08,904,87,TRUE,TRUE
2020-12-09,986,96,TRUE,TRUE
2020-12-10,1162,137,TRUE,TRUE
2020-12-11,1268,193,TRUE,TRUE
2020-12-12,1011,185,TRUE,TRUE
2020-12-13,1231,286,TRUE,TRUE
2020-12-14,1233,169,TRUE,TRUE
2020-12-15,943,127,TRUE,TRUE
2020-12-16,1017,208,TRUE,TRUE
2020-12-17,1265,334,TRUE,TRUE
2020-12-18,1386,379,TRUE,TRUE
2020-12-19,1393,444,TRUE,TRUE
2020-12-20,1420,333,TRUE,TRUE
2020-12-21,1432,299,TRUE,TRUE
2020-12-22,1415,366,TRUE,TRUE
2020-12-23,1431,477,TRUE,TRUE
2020-12-24,1049,279,TRUE,TRUE
2020-12-25,908,204,TRUE,TRUE
2020-12-26,1467,489,TRUE,TRUE
2020-12-27,1438,490,TRUE,TRUE
2020-12-28,1359,360,TRUE,TRUE
2020-12-29,1334,388,TRUE,TRUE
2020-12-30,1380,460,TRUE,TRUE
2020-12-31,998,283,TRUE,TRUE
2021-01-01,1127,297,TRUE,TRUE
2021-01-02,1437,473,TRUE,TRUE
2021-01-03,1527,589,TRUE,TRUE
2021-01-04,1441,420,TRUE,TRUE
2021-01-05,1124,181,TRUE,TRUE
2021-01-06,1087,166,TRUE,TRUE
2021-01-07,1317,177,TRUE,TRUE
2021-01-08,1257,244,TRUE,TRUE
2021-01-09,1047,189,TRUE,TRUE
2021-01-10,1234,292,TRUE,TRUE
2021-01-11,1220,161,TRUE,TRUE
2021-01-12,1052,106,TRUE,TRUE
2021-01-13,1076,205,TRUE,TRUE
2021-01-14,1185,136,TRUE,TRUE
2021-01-15,1275,211,TRUE,TRUE
2021-01-16,1038,145,TRUE,TRUE
2021-01-17,1201,196,TRUE,TRUE
2021-01-18,1191,165,TRUE,TRUE
2021-01-19,1045,101,TRUE,TRUE
2021-01-20,1052,91,TRUE,TRUE
2021-01-21,1242,124,TRUE,TRUE
2021-01-22,1257,158,TRUE,TRUE
2021-01-23,987,133,TRUE,TRUE
2021-01-24,1245,269,TRUE,TRUE
2021-01-25,1174,184,TRUE,TRUE
2021-01-26,992,144,TRUE,TRUE
2021-01-27,1046,121,TRUE,TRUE
2021-01-28,1202,175,TRUE,TRUE
2021-01-29,1224,220,TRUE,TRUE
2021-01-30,1010,174,TRUE,TRUE
2021-01-31,1217,298,TRUE,TRUE
2021-02-01,1102,151,TRUE,TRUE
2021-02-02,953,123,TRUE,TRUE
2021-02-03,1005,127,TRUE,TRUE
2021-02-04,1247,208,TRUE,TRUE
2021-02-05,1264,205,TRUE,TRUE
2021-02-06,1084,175,TRUE,TRUE
2021-02-07,1142,246,TRUE,TRUE
2021-02-08,1239,273,TRUE,TRUE
2021-02-09,983,166,TRUE,TRUE
2021-02-10,1026,190,TRUE,TRUE
2021-02-11,1241,414,TRUE,TRUE
2021-02-12,1351,434,TRUE,TRUE
2021-02-13,1066,435,TRUE,TRUE
2021-02-14,1063,442,TRUE,TRUE
2021-02-15,959,398,TRUE,TRUE
2021-02-16,853,292,TRUE,TRUE
2021-02-17,965,266,TRUE,TRUE
2021-02-18,1088,392,TRUE,TRUE
2021-02-19,1201,384,TRUE,TRUE
2021-02-20,1092,290,TRUE,TRUE
2021-02-21,1301,301,TRUE,TRUE
2021-02-22,1299,238,TRUE,TRUE
2021-02-23,1133,146,TRUE,TRUE
2021-02-24,1112,149,TRUE,TRUE
2021-02-25,1296,249,TRUE,TRUE
2021-02-26,1373,271,TRUE,TRUE
2021-02-27,1103,246,TRUE,TRUE
2021-02-28,1349,397,TRUE,TRUE
2021-03-01,1356,281,TRUE,TRUE
2021-03-02,1146,129,TRUE,TRUE
2021-03-03,1155,148,TRUE,TRUE
2021-03-04,1403,223,TRUE,TRUE
2021-03-05,1436,238,TRUE,TRUE
2021-03-06,1284,218,TRUE,TRUE
2021-03-07,1437,270,TRUE,TRUE
2021-03-08,1546,224,TRUE,TRUE
2021-03-09,1317,144,TRUE,TRUE
2021-03-10,1286,189,TRUE,TRUE
2021-03-11,1536,312,TRUE,TRUE
2021-03-12,1623,430,TRUE,TRUE
2021-03-13,1301,322,TRUE,TRUE
2021-03-14,1357,358,TRUE,TRUE
2021-03-15,1433,436,TRUE,TRUE
2021-03-16,1421,360,TRUE,TRUE
2021-03-17,1337,406,TRUE,TRUE
2021-03-18,1540,543,TRUE,TRUE
2021-03-19,1593,356,TRUE,TRUE
2021-03-20,1410,376,TRUE,TRUE
2021-03-21,1605,409,TRUE,TRUE
2021-03-22,1562,339,TRUE,TRUE
2021-03-23,1470,298,TRUE,TRUE
2021-03-24,1465,272,TRUE,TRUE
2021-03-25,1605,495,TRUE,TRUE
2021-03-26,1607,456,TRUE,TRUE
2021-03-27,1428,489,TRUE,TRUE
2021-03-28,1598,550,TRUE,TRUE
2021-03-29,1551,367,TRUE,TRUE
2021-03-30,1387,252,TRUE,TRUE
2021-03-31,1407,309,TRUE,TRUE
2021-04-01,1588,482,TRUE,TRUE
2021-04-02,1629,378,TRUE,TRUE
2021-04-03,1466,340,TRUE,TRUE
2021-04-04,1572,297,TRUE,TRUE
2021-04-05,1628,370,TRUE,TRUE
2021-04-06,1455,284,TRUE,TRUE
2021-04-07,1420,303,TRUE,TRUE
2021-04-08,1619,337,TRUE,TRUE
2021-04-09,1696,418,TRUE,TRUE
2021-04-10,1460,436,TRUE,TRUE
2021-04-11,1534,491,TRUE,TRUE
2021-04-12,1598,449,TRUE,TRUE
2021-04-13,1346,240,TRUE,TRUE
2021-04-14,1431,335,TRUE,TRUE
2021-04-15,1588,432,TRUE,TRUE
2021-04-16,1589,505,TRUE,TRUE
2021-04-17,1439,292,TRUE,TRUE
2021-04-18,1574,357,TRUE,TRUE
2021-04-19,1580,372,TRUE,TRUE
2021-04-20,1335,287,TRUE,TRUE
2021-04-21,1389,295,TRUE,TRUE
2021-04-22,1601,367,TRUE,TRUE
2021-04-23,1615,394,TRUE,TRUE
2021-04-24,1398,396,TRUE,TRUE
2021-04-25,1614,448,TRUE,TRUE
2021-04-26,1613,306,TRUE,TRUE
2021-04-27,1274,223,TRUE,TRUE
2021-04-28,1318,308,TRUE,TRUE
2021-04-29,1601,403,TRUE,TRUE
2021-04-30,1530,459,TRUE,TRUE
2021-05-01,1453,443,TRUE,TRUE
2021-05-02,1629,437,TRUE,TRUE
2021-05-03,1644,524,TRUE,TRUE
2021-05-04,1328,427,TRUE,TRUE
2021-05-05,1406,361,TRUE,TRUE
2021-05-06,1711,502,TRUE,TRUE
2021-05-07,1623,476,TRUE,TRUE
2021-05-08,1529,402,TRUE,TRUE
2021-05-09,1742,530,TRUE,TRUE
2021-05-10,1681,501,TRUE,TRUE
2021-05-11,1466,393,TRUE,TRUE
2021-05-12,1548,435,TRUE,TRUE
2021-05-13,1734,462,TRUE,TRUE
2021-05-14,1703,442,TRUE,TRUE
2021-05-15,1538,415,TRUE,TRUE
2021-05-16,1708,616,TRUE,TRUE
2021-05-17,1715,557,TRUE,TRUE
2021-05-18,1519,466,TRUE,TRUE
2021-05-19,1596,400,TRUE,TRUE
2021-05-20,1741,494,TRUE,TRUE
2021-05-21,1747,601,TRUE,TRUE
2021-05-22,1574,443,TRUE,TRUE
2021-05-23,1795,569,TRUE,TRUE
2021-05-24,1735,529,TRUE,TRUE
2021-05-25,1493,455,TRUE,TRUE
2021-05-26,1537,442,TRUE,TRUE
2021-05-27,1733,564,TRUE,TRUE
2021-05-28,1727,584,TRUE,TRUE
2021-05-29,1521,420,TRUE,TRUE
2021-05-30,1617,484,TRUE,TRUE
2021-05-31,1714,518,TRUE,TRUE
2021-06-01,1619,461,TRUE,TRUE
2021-06-02,1644,467,TRUE,TRUE
2021-06-03,1741,607,TRUE,TRUE
2021-06-04,1907,703,TRUE,TRUE
2021-06-05,1758,660,TRUE,TRUE
2021-06-06,1896,727,TRUE,TRUE
2021-06-07,1853,761,TRUE,TRUE
2021-06-08,1750,706,TRUE,TRUE
2021-06-09,1720,602,TRUE,TRUE
2021-06-10,1851,766,TRUE,TRUE
2021-06-11,1967,804,TRUE,TRUE
2021-06-12,1742,744,TRUE,TRUE
2021-06-13,1864,851,TRUE,TRUE
2021-06-14,1849,804,TRUE,TRUE
2021-06-15,1751,656,TRUE,TRUE
2021-06-16,1738,642,TRUE,TRUE
2021-06-17,1907,753,TRUE,TRUE
2021-06-18,1979,907,TRUE,TRUE
2021-06-19,1731,838,TRUE,TRUE
2021-06-20,1901,899,TRUE,TRUE
2021-06-21,1852,938,TRUE,TRUE
2021-06-22,1824,761,TRUE,TRUE
2021-06-23,1820,679,TRUE,TRUE
2021-06-24,1932,819,TRUE,TRUE
2021-06-25,1933,933,TRUE,TRUE
2021-06-26,1731,986,TRUE,TRUE
2021-06-27,1924,1046,TRUE,TRUE
2021-06-28,1849,950,TRUE,TRUE
2021-06-29,1708,819,TRUE,TRUE
2021-06-30,1775,887,TRUE,TRUE
2021-07-01,1933,1038,TRUE,TRUE
2021-07-02,1943,1063,TRUE,TRUE
2021-07-03,1794,895,TRUE,TRUE
2021-07-04,1769,568,TRUE,TRUE
2021-07-05,1911,688,TRUE,TRUE
2021-07-06,1699,603,TRUE,TRUE
2021-07-07,1859,775,TRUE,TRUE
2021-07-08,1939,961,TRUE,TRUE
2021-07-09,1981,964,TRUE,TRUE
2021-07-10,1779,822,TRUE,TRUE
2021-07-11,1949,980,TRUE,TRUE
2021-07-12,1968,954,TRUE,TRUE
2021-07-13,1866,812,TRUE,TRUE
2021-07-14,1827,809,TRUE,TRUE
2021-07-15,1957,858,TRUE,TRUE
2021-07-16,1994,907,TRUE,TRUE
2021-07-17,1846,801,TRUE,TRUE
2021-07-18,1879,973,TRUE,TRUE
2021-07-19,1956,958,TRUE,TRUE
2021-07-20,1836,789,TRUE,TRUE
2021-07-21,1858,770,TRUE,TRUE
2021-07-22,2015,833,TRUE,TRUE
2021-07-23,1989,871,TRUE,TRUE
2021-07-24,1799,754,TRUE,TRUE
2021-07-25,1936,899,TRUE,TRUE
2021-07-26,1986,854,TRUE,TRUE
2021-07-27,1871,762,TRUE,TRUE
2021-07-28,1879,744,TRUE,TRUE
2021-07-29,1974,797,TRUE,TRUE
2021-07-30,2005,832,TRUE,TRUE
2021-07-31,1748,812,TRUE,TRUE
2021-08-01,1912,1027,TRUE,TRUE
2021-08-02,1854,927,TRUE,TRUE
2021-08-03,1734,839,TRUE,TRUE
2021-08-04,1900,773,TRUE,TRUE
2021-08-05,1911,697,TRUE,TRUE
2021-08-06,1939,818,TRUE,TRUE
2021-08-07,1887,889,TRUE,TRUE
2021-08-08,1910,876,TRUE,TRUE
2021-08-09,1870,856,TRUE,TRUE
2021-08-10,1787,761,TRUE,TRUE
2021-08-11,1827,801,TRUE,TRUE
2021-08-12,1990,953,TRUE,TRUE
2021-08-13,1975,888,TRUE,TRUE
2021-08-14,1717,820,TRUE,TRUE
2021-08-15,1926,971,TRUE,TRUE
2021-08-16,1919,843,TRUE,TRUE
2021-08-17,1698,618,TRUE,TRUE
2021-08-18,1797,785,TRUE,TRUE
2021-08-19,1938,859,TRUE,TRUE
2021-08-20,1903,816,TRUE,TRUE
2021-08-21,1770,664,TRUE,TRUE
2021-08-22,1974,721,TRUE,TRUE
2021-08-23,1881,577,TRUE,TRUE
2021-08-24,1742,534,TRUE,TRUE
2021-08-25,1810,569,TRUE,TRUE
2021-08-26,1935,677,TRUE,TRUE
2021-08-27,1934,723,TRUE,TRUE
2021-08-28,1768,541,TRUE,TRUE
2021-08-29,1859,679,TRUE,TRUE
2021-08-30,1864,541,TRUE,TRUE
2021-08-31,1769,421,TRUE,TRUE
2021-09-01,1746,549,TRUE,TRUE
2021-09-02,1894,663,TRUE,TRUE
2021-09-03,1958,793,TRUE,TRUE
2021-09-04,1693,472,TRUE,TRUE
2021-09-05,1747,428,TRUE,TRUE
2021-09-06,1846,547,TRUE,TRUE
2021-09-07,1723,507,TRUE,TRUE
2021-09-08,1652,495,TRUE,TRUE
2021-09-09,1856,519,TRUE,TRUE
2021-09-10,1892,554,TRUE,TRUE
2021-09-11,1671,339,TRUE,TRUE
2021-09-12,1884,626,TRUE,TRUE
2021-09-13,1903,522,TRUE,TRUE
2021-09-14,1583,362,TRUE,TRUE
2021-09-15,1776,415,TRUE,TRUE
2021-09-16,1996,534,TRUE,TRUE
2021-09-17,1942,667,TRUE,TRUE
2021-09-18,1721,509,TRUE,TRUE
2021-09-19,1963,719,TRUE,TRUE
2021-09-20,1997,643,TRUE,TRUE
2021-09-21,1664,318,TRUE,TRUE
2021-09-22,1740,447,TRUE,TRUE
2021-09-23,1926,684,TRUE,TRUE
2021-09-24,1860,731,TRUE,TRUE
2021-09-25,1650,416,TRUE,TRUE
2021-09-26,1992,665,TRUE,TRUE
2021-09-27,1880,540,TRUE,TRUE
2021-09-28,1750,460,TRUE,TRUE
2021-09-29,1622,358,TRUE,TRUE
2021-09-30,1952,575,TRUE,TRUE
2021-10-01,1876,690,TRUE,TRUE
2021-10-02,1526,490,TRUE,TRUE
2021-10-03,2024,779,TRUE,TRUE
2021-10-04,1837,544,TRUE,TRUE
2021-10-05,1717,439,TRUE,TRUE
2021-10-06,1774,436,TRUE,TRUE
2021-10-07,1899,670,TRUE,TRUE
2021-10-08,1859,885,TRUE,TRUE
2021-10-09,1545,666,TRUE,TRUE
2021-10-10,1841,823,TRUE,TRUE
2021-10-11,1860,862,TRUE,TRUE
2021-10-12,1672,610,TRUE,TRUE
2021-10-13,1779,572,TRUE,TRUE
2021-10-14,1917,698,TRUE,TRUE
2021-10-15,1940,708,TRUE,TRUE
2021-10-16,1715,588,TRUE,TRUE
2021-10-17,1934,672,TRUE,TRUE
2021-10-18,1955,624,TRUE,TRUE
2021-10-19,1798,609,TRUE,TRUE
2021-10-20,1769,516,TRUE,TRUE
2021-10-21,1842,693,TRUE,TRUE
2021-10-22,1892,784,TRUE,TRUE
2021-10-23,1700,622,TRUE,TRUE
2021-10-24,1976,884,TRUE,TRUE
2021-10-25,1879,932,TRUE,TRUE
2021-10-26,1750,563,TRUE,TRUE
2021-10-27,1769,586,TRUE,TRUE
2021-10-28,1930,803,TRUE,TRUE
2021-10-29,1941,769,TRUE,TRUE
2021-10-30,1631,546,TRUE,TRUE
2021-10-31,1692,677,TRUE,TRUE
2021-11-01,1887,836,TRUE,TRUE
2021-11-02,1707,505,TRUE,TRUE
2021-11-03,1791,519,TRUE,TRUE
2021-11-04,2004,706,TRUE,TRUE
2021-11-05,1947,691,TRUE,TRUE
2021-11-06,1647,548,TRUE,TRUE
2021-11-07,1907,724,TRUE,TRUE
2021-11-08,1919,630,TRUE,TRUE
2021-11-09,1787,454,TRUE,TRUE
2021-11-10,1813,508,TRUE,TRUE
2021-11-11,1906,698,TRUE,TRUE
2021-11-12,2039,745,TRUE,TRUE
2021-11-13,1640,571,TRUE,TRUE
2021-11-14,1953,860,TRUE,TRUE
2021-11-15,1918,726,TRUE,TRUE
2021-11-16,1702,447,TRUE,TRUE
2021-11-17,1794,496,TRUE,TRUE
2021-11-18,2001,679,TRUE,TRUE
2021-11-19,1963,777,TRUE,TRUE
2021-11-20,1719,713,TRUE,TRUE
2021-11-21,1923,781,TRUE,TRUE
2021-11-22,1913,708,TRUE,TRUE
2021-11-23,1952,686,TRUE,TRUE
2021-11-24,2136,649,TRUE,TRUE
2021-11-25,1263,339,TRUE,TRUE
2021-11-26,1520,415,TRUE,TRUE
2021-11-27,1951,639,TRUE,TRUE
2021-11-28,2026,735,TRUE,TRUE
2021-11-29,2009,752,TRUE,TRUE
2021-11-30,1788,598,TRUE,TRUE
2021-12-01,1731,504,TRUE,TRUE
2021-12-02,1897,552,TRUE,TRUE
2021-12-03,1962,602,TRUE,TRUE
2021-12-04,1553,417,TRUE,TRUE
2021-12-05,1943,716,TRUE,TRUE
2021-12-06,1953,830,TRUE,TRUE
2021-12-07,1633,522,TRUE,TRUE
2021-12-08,1731,472,TRUE,TRUE
2021-12-09,1879,634,TRUE,TRUE
2021-12-10,1887,721,TRUE,TRUE
2021-12-11,1584,701,TRUE,TRUE
2021-12-12,1831,703,TRUE,TRUE
2021-12-13,1894,588,TRUE,TRUE
2021-12-14,1758,580,TRUE,TRUE
2021-12-15,1713,707,TRUE,TRUE
2021-12-16,1862,829,TRUE,TRUE
2021-12-17,1946,843,TRUE,TRUE
2021-12-18,1757,1013,TRUE,TRUE
2021-12-19,1921,1030,TRUE,TRUE
2021-12-20,1925,897,TRUE,TRUE
2021-12-21,1886,863,TRUE,TRUE
2021-12-22,1955,769,TRUE,TRUE
2021-12-23,2050,839,TRUE,TRUE
2021-12-24,1481,589,TRUE,TRUE
2021-12-25,1357,459,TRUE,TRUE
2021-12-26,1800,883,TRUE,TRUE
2021-12-27,1727,1033,TRUE,TRUE
2021-12-28,1754,1028,TRUE,TRUE
2021-12-29,1742,965,TRUE,TRUE
2021-12-30,1815,1097,TRUE,TRUE
2021-12-31,1476,729,TRUE,TRUE
2022-01-01,1403,807,TRUE,TRUE
2022-01-02,1742,1195,TRUE,TRUE
2022-01-03,1591,1054,TRUE,TRUE
2022-01-04,1560,917,TRUE,TRUE
2022-01-05,1575,803,TRUE,TRUE
2022-01-06,1697,726,TRUE,TRUE
2022-01-07,1679,798,TRUE,TRUE
2022-01-08,1442,602,TRUE,TRUE
2022-01-09,1758,748,TRUE,TRUE
2022-01-10,1781,491,TRUE,TRUE
2022-01-11,1548,339,TRUE,TRUE
2022-01-12,1569,300,TRUE,TRUE
2022-01-13,1821,403,TRUE,TRUE
2022-01-14,1895,543,TRUE,TRUE
2022-01-15,1397,455,TRUE,TRUE
2022-01-16,1457,521,TRUE,TRUE
2022-01-17,1751,671,TRUE,TRUE
2022-01-18,1621,319,TRUE,TRUE
2022-01-19,1608,350,TRUE,TRUE
2022-01-20,1850,557,TRUE,TRUE
2022-01-21,1825,509,TRUE,TRUE
2022-01-22,1488,402,TRUE,TRUE
2022-01-23,1869,648,TRUE,TRUE
2022-01-24,1807,511,TRUE,TRUE
2022-01-25,1662,350,TRUE,TRUE
2022-01-26,1696,333,TRUE,TRUE
2022-01-27,1808,454,TRUE,TRUE
2022-01-28,1850,730,TRUE,TRUE
2022-01-29,1216,327,TRUE,TRUE
2022-01-30,1701,590,TRUE,TRUE
2022-01-31,1838,501,TRUE,TRUE
2022-02-01,1577,286,TRUE,TRUE
2022-02-02,1523,502,TRUE,TRUE
2022-02-03,1363,511,TRUE,TRUE
2022-02-04,1569,723,TRUE,TRUE
2022-02-05,1436,614,TRUE,TRUE
2022-02-06,1785,699,TRUE,TRUE
2022-02-07,1897,639,TRUE,TRUE
2022-02-08,1730,301,TRUE,TRUE
2022-02-09,1752,330,TRUE,TRUE
2022-02-10,1931,543,TRUE,TRUE
2022-02-11,1944,588,TRUE,TRUE
2022-02-12,1529,495,TRUE,TRUE
2022-02-13,1664,745,TRUE,TRUE
2022-02-14,1896,638,TRUE,TRUE
2022-02-15,1596,419,TRUE,TRUE
2022-02-16,1723,420,TRUE,TRUE
2022-02-17,1892,853,TRUE,TRUE
2022-02-18,1898,1014,TRUE,TRUE
2022-02-19,1600,697,TRUE,TRUE
2022-02-20,1806,670,TRUE,TRUE
2022-02-21,1974,742,TRUE,TRUE
2022-02-22,1660,810,TRUE,TRUE
2022-02-23,1674,739,TRUE,TRUE
2022-02-24,1732,916,TRUE,TRUE
2022-02-25,1866,1128,TRUE,TRUE
2022-02-26,1615,715,TRUE,TRUE
2022-02-27,1887,779,TRUE,TRUE
2022-02-28,1947,702,TRUE,TRUE
2022-03-01,1754,489,TRUE,TRUE
2022-03-02,1781,452,TRUE,TRUE
2022-03-03,1910,580,TRUE,TRUE
2022-03-04,1864,616,TRUE,TRUE
2022-03-05,1603,555,TRUE,TRUE
2022-03-06,1832,809,TRUE,TRUE
2022-03-07,1867,819,TRUE,TRUE
2022-03-08,1782,586,TRUE,TRUE
2022-03-09,1731,705,TRUE,TRUE
2022-03-10,1957,932,TRUE,TRUE
2022-03-11,1906,1004,TRUE,TRUE
2022-03-12,1556,951,TRUE,TRUE
2022-03-13,1855,1031,TRUE,TRUE
2022-03-14,1898,743,TRUE,TRUE
2022-03-15,1724,603,TRUE,TRUE
2022-03-16,1774,584,TRUE,TRUE
2022-03-17,1894,843,TRUE,TRUE
2022-03-18,1968,1024,TRUE,TRUE
2022-03-19,1731,831,TRUE,TRUE
2022-03-20,1917,832,TRUE,TRUE
2022-03-21,1846,754,TRUE,TRUE
2022-03-22,1832,749,TRUE,TRUE
2022-03-23,1806,644,TRUE,TRUE
2022-03-24,1964,863,TRUE,TRUE
2022-03-25,1906,667,TRUE,TRUE
2022-03-26,1734,599,TRUE,TRUE
2022-03-27,1903,722,TRUE,TRUE
2022-03-28,2008,803,TRUE,TRUE
2022-03-29,1798,508,TRUE,TRUE
2022-03-30,1800,651,TRUE,TRUE
2022-03-31,1927,819,TRUE,TRUE
2022-04-01,1851,893,TRUE,TRUE
2022-04-02,1510,711,TRUE,TRUE
2022-04-03,1805,900,TRUE,TRUE
2022-04-04,1872,799,TRUE,TRUE
2022-04-05,1812,840,TRUE,TRUE
2022-04-06,1932,829,TRUE,TRUE
2022-04-07,1876,929,TRUE,TRUE
2022-04-08,1946,962,TRUE,TRUE
2022-04-09,1669,653,TRUE,TRUE
2022-04-10,1799,771,TRUE,TRUE
2022-04-11,2003,835,TRUE,TRUE
2022-04-12,1774,701,TRUE,TRUE
2022-04-13,1856,850,TRUE,TRUE
2022-04-14,1865,934,TRUE,TRUE
2022-04-15,1840,819,TRUE,TRUE
2022-04-16,1675,659,TRUE,TRUE
2022-04-17,1864,695,TRUE,TRUE
2022-04-18,1971,893,TRUE,TRUE
2022-04-19,1901,730,TRUE,TRUE
2022-04-20,1934,619,TRUE,TRUE
2022-04-21,2039,681,TRUE,TRUE
2022-04-22,1971,780,TRUE,TRUE
2022-04-23,1609,534,TRUE,TRUE
2022-04-24,1969,788,TRUE,TRUE
2022-04-25,1912,748,TRUE,TRUE
2022-04-26,1766,585,TRUE,TRUE
2022-04-27,1934,630,TRUE,TRUE
2022-04-28,1956,677,TRUE,TRUE
2022-04-29,1968,711,TRUE,TRUE
2022-04-30,1600,570,TRUE,TRUE
2022-05-01,1916,812,TRUE,TRUE
2022-05-02,1985,764,TRUE,TRUE
2022-05-03,1885,589,TRUE,TRUE
2022-05-04,1893,646,TRUE,TRUE
2022-05-05,1963,804,TRUE,TRUE
2022-05-06,1951,885,TRUE,TRUE
2022-05-07,1631,663,TRUE,TRUE
2022-05-08,1963,766,TRUE,TRUE
2022-05-09,1994,767,TRUE,TRUE
2022-05-10,1849,610,TRUE,TRUE
2022-05-11,1850,582,TRUE,TRUE
2022-05-12,2082,792,TRUE,TRUE
2022-05-13,2017,915,TRUE,TRUE
2022-05-14,1601,640,TRUE,TRUE
2022-05-15,1912,856,TRUE,TRUE
2022-05-16,1802,823,TRUE,TRUE
2022-05-17,1768,695,TRUE,TRUE
2022-05-18,1876,717,TRUE,TRUE
2022-05-19,1979,780,TRUE,TRUE
2022-05-20,1845,851,TRUE,TRUE
2022-05-21,1606,841,TRUE,TRUE
2022-05-22,1869,913,TRUE,TRUE
2022-05-23,1952,934,TRUE,TRUE
2022-05-24,1773,770,TRUE,TRUE
2022-05-25,1941,781,TRUE,TRUE
2022-05-26,2007,801,TRUE,TRUE
2022-05-27,1902,895,TRUE,TRUE
2022-05-28,1567,616,TRUE,TRUE
2022-05-29,1785,660,TRUE,TRUE
2022-05-30,1928,618,TRUE,TRUE
2022-05-31,1814,567,TRUE,TRUE
2022-06-01,1803,630,TRUE,TRUE
2022-06-02,1851,835,TRUE,TRUE
2022-06-03,1990,951,TRUE,TRUE
2022-06-04,1674,655,TRUE,TRUE
2022-06-05,1953,806,TRUE,TRUE
2022-06-06,1958,796,TRUE,TRUE
2022-06-07,1930,737,TRUE,TRUE
2022-06-08,2040,835,TRUE,TRUE
2022-06-09,2027,882,TRUE,TRUE
2022-06-10,1926,941,TRUE,TRUE
2022-06-11,1699,770,TRUE,TRUE
2022-06-12,1951,1053,TRUE,TRUE
2022-06-13,1976,920,TRUE,TRUE
2022-06-14,1836,776,TRUE,TRUE
2022-06-15,1989,800,TRUE,TRUE
2022-06-16,1883,1014,TRUE,TRUE
2022-06-17,1951,1081,TRUE,TRUE
2022-06-18,1773,862,TRUE,TRUE
2022-06-19,1975,939,TRUE,TRUE
2022-06-20,1946,796,TRUE,TRUE
2022-06-21,1881,607,TRUE,TRUE
2022-06-22,1852,729,TRUE,TRUE
2022-06-23,2040,932,TRUE,TRUE
2022-06-24,1973,883,TRUE,TRUE
2022-06-25,1823,847,TRUE,TRUE
2022-06-26,1950,924,TRUE,TRUE
2022-06-27,1890,875,TRUE,TRUE
2022-06-28,1970,757,TRUE,TRUE
2022-06-29,1881,738,TRUE,TRUE
2022-06-30,2012,801,TRUE,TRUE
2022-07-01,2063,914,TRUE,TRUE
2022-07-02,1751,726,TRUE,TRUE
2022-07-03,1871,674,TRUE,TRUE
2022-07-04,1930,499,TRUE,TRUE
2022-07-05,1855,710,TRUE,TRUE
2022-07-06,1932,741,TRUE,TRUE
2022-07-07,1966,625,TRUE,TRUE
2022-07-08,1976,717,TRUE,TRUE
2022-07-09,1829,803,TRUE,TRUE
2022-07-10,1998,850,TRUE,TRUE
2022-07-11,2017,749,TRUE,TRUE
2022-07-12,1873,677,TRUE,TRUE
2022-07-13,1901,727,TRUE,TRUE
2022-07-14,2120,820,TRUE,TRUE
2022-07-15,2025,938,TRUE,TRUE
2022-07-16,1795,777,TRUE,TRUE
2022-07-17,2000,906,TRUE,TRUE
2022-07-18,1993,969,TRUE,TRUE
2022-07-19,1923,816,TRUE,TRUE
2022-07-20,1862,685,TRUE,TRUE
2022-07-21,2041,965,TRUE,TRUE
2022-07-22,1969,826,TRUE,TRUE
2022-07-23,1734,874,TRUE,TRUE
2022-07-24,1942,1089,TRUE,TRUE
2022-07-25,1868,1006,TRUE,TRUE
2022-07-26,1873,869,TRUE,TRUE
2022-07-27,1944,820,TRUE,TRUE
2022-07-28,1956,839,TRUE,TRUE
2022-07-29,2038,895,TRUE,TRUE
2022-07-30,1759,743,TRUE,TRUE
2022-07-31,1935,820,TRUE,TRUE
2022-08-01,1995,788,TRUE,TRUE
2022-08-02,1896,609,TRUE,TRUE
2022-08-03,1918,663,TRUE,TRUE
2022-08-04,1934,905,TRUE,TRUE
2022-08-05,1867,1014,TRUE,TRUE
2022-08-06,1729,905,TRUE,TRUE
2022-08-07,2003,1060,TRUE,TRUE
2022-08-08,1966,890,TRUE,TRUE
2022-08-09,1939,765,TRUE,TRUE
2022-08-10,1763,744,TRUE,TRUE
2022-08-11,1931,966,TRUE,TRUE
2022-08-12,1915,832,TRUE,TRUE
2022-08-13,1775,680,TRUE,TRUE
2022-08-14,2011,812,TRUE,TRUE
2022-08-15,1993,810,TRUE,TRUE
2022-08-16,1819,602,TRUE,TRUE
2022-08-17,1841,611,TRUE,TRUE
2022-08-18,1979,752,TRUE,TRUE
2022-08-19,1961,858,TRUE,TRUE
2022-08-20,1731,706,TRUE,TRUE
2022-08-21,1903,925,TRUE,TRUE
2022-08-22,1795,925,TRUE,TRUE
2022-08-23,1827,692,TRUE,TRUE
2022-08-24,1918,622,TRUE,TRUE
2022-08-25,2008,635,TRUE,TRUE
2022-08-26,1966,690,TRUE,TRUE
2022-08-27,1771,546,TRUE,TRUE
2022-08-28,1961,704,TRUE,TRUE
2022-08-29,1975,727,TRUE,TRUE
2022-08-30,1859,601,TRUE,TRUE
2022-08-31,1841,597,TRUE,TRUE
2022-09-01,1988,730,TRUE,TRUE
2022-09-02,1988,725,TRUE,TRUE
2022-09-03,1657,577,TRUE,TRUE
2022-09-04,1741,574,TRUE,TRUE
2022-09-05,2024,639,TRUE,TRUE
2022-09-06,1896,612,TRUE,TRUE
2022-09-07,1828,536,TRUE,TRUE
2022-09-08,1932,621,TRUE,TRUE
2022-09-09,2005,743,TRUE,TRUE
2022-09-10,1680,514,TRUE,TRUE
2022-09-11,1917,784,TRUE,TRUE
2022-09-12,1985,756,TRUE,TRUE
2022-09-13,1889,526,TRUE,TRUE
2022-09-14,1813,542,TRUE,TRUE
2022-09-15,1986,677,TRUE,TRUE
2022-09-16,1915,591,TRUE,TRUE
2022-09-17,1664,538,TRUE,TRUE
2022-09-18,1915,664,TRUE,TRUE
2022-09-19,1995,749,TRUE,TRUE
2022-09-20,1748,510,TRUE,TRUE
2022-09-21,1836,605,TRUE,TRUE
2022-09-22,2021,899,TRUE,TRUE
2022-09-23,1904,727,TRUE,TRUE
2022-09-24,1706,474,TRUE,TRUE
2022-09-25,1974,704,TRUE,TRUE
2022-09-26,2026,701,TRUE,TRUE
2022-09-27,1848,488,TRUE,TRUE
2022-09-28,1703,540,TRUE,TRUE
2022-09-29,1826,551,TRUE,TRUE
2022-09-30,1779,650,TRUE,TRUE
2022-10-01,1668,611,TRUE,TRUE
2022-10-02,1922,688,TRUE,TRUE
2022-10-03,2049,622,TRUE,TRUE
2022-10-04,1864,601,TRUE,TRUE
2022-10-05,1816,554,TRUE,TRUE
2022-10-06,1925,621,TRUE,TRUE
2022-10-07,2042,683,TRUE,TRUE
2022-10-08,1672,533,TRUE,TRUE
2022-10-09,1967,660,TRUE,TRUE
2022-10-10,2047,626,TRUE,TRUE
2022-10-11,1932,497,TRUE,TRUE
2022-10-12,1872,634,TRUE,TRUE
2022-10-13,1868,792,TRUE,TRUE
2022-10-14,1951,779,TRUE,TRUE
2022-10-15,1671,613,TRUE,TRUE
2022-10-16,1908,732,TRUE,TRUE
2022-10-17,1980,681,TRUE,TRUE
2022-10-18,1775,576,TRUE,TRUE
2022-10-19,1903,577,TRUE,TRUE
2022-10-20,1955,639,TRUE,TRUE
2022-10-21,1912,663,TRUE,TRUE
2022-10-22,1712,544,TRUE,TRUE
2022-10-23,1966,728,TRUE,TRUE
2022-10-24,1929,743,TRUE,TRUE
2022-10-25,1745,675,TRUE,TRUE
2022-10-26,1788,685,TRUE,TRUE
2022-10-27,2034,671,TRUE,TRUE
2022-10-28,1941,721,TRUE,TRUE
2022-10-29,1657,465,TRUE,TRUE
2022-10-30,1819,529,TRUE,TRUE
2022-10-31,1798,513,TRUE,TRUE
2022-11-01,1883,541,TRUE,TRUE
2022-11-02,1837,475,TRUE,TRUE
2022-11-03,2035,677,TRUE,TRUE
2022-11-04,1872,946,TRUE,TRUE
2022-11-05,1595,713,TRUE,TRUE
2022-11-06,1952,743,TRUE,TRUE
2022-11-07,1883,615,TRUE,TRUE
2022-11-08,1825,531,TRUE,TRUE
2022-11-09,1765,476,TRUE,TRUE
2022-11-10,1813,542,TRUE,TRUE
2022-11-11,1906,778,TRUE,TRUE
2022-11-12,1676,613,TRUE,TRUE
2022-11-13,1862,763,TRUE,TRUE
2022-11-14,1934,669,TRUE,TRUE
2022-11-15,1842,646,TRUE,TRUE
2022-11-16,1880,761,TRUE,TRUE
2022-11-17,2009,865,TRUE,TRUE
2022-11-18,1847,826,TRUE,TRUE
2022-11-19,1760,772,TRUE,TRUE
2022-11-20,1946,860,TRUE,TRUE
2022-11-21,1971,693,TRUE,TRUE
2022-11-22,1965,671,TRUE,TRUE
2022-11-23,1928,561,TRUE,TRUE
2022-11-24,1186,318,TRUE,TRUE
2022-11-25,1737,499,TRUE,TRUE
2022-11-26,1870,649,TRUE,TRUE
2022-11-27,1979,831,TRUE,TRUE
2022-11-28,2020,794,TRUE,TRUE
2022-11-29,1915,770,TRUE,TRUE
2022-11-30,1783,779,TRUE,TRUE
2022-12-01,1866,660,TRUE,TRUE
2022-12-02,1934,632,TRUE,TRUE
2022-12-03,1675,581,TRUE,TRUE
2022-12-04,1932,749,TRUE,TRUE
2022-12-05,1908,669,TRUE,TRUE
2022-12-06,1820,447,TRUE,TRUE
2022-12-07,1759,530,TRUE,TRUE
2022-12-08,1906,563,TRUE,TRUE
2022-12-09,1905,698,TRUE,TRUE
2022-12-10,1604,578,TRUE,TRUE
2022-12-11,1973,805,TRUE,TRUE
2022-12-12,1890,702,TRUE,TRUE
2022-12-13,1759,739,TRUE,TRUE
2022-12-14,1823,692,TRUE,TRUE
2022-12-15,1893,928,TRUE,TRUE
2022-12-16,1884,1031,TRUE,TRUE
2022-12-17,1746,914,TRUE,TRUE
2022-12-18,1887,911,TRUE,TRUE
2022-12-19,1932,920,TRUE,TRUE
2022-12-20,1941,895,TRUE,TRUE
2022-12-21,1908,1014,TRUE,TRUE
2022-12-22,1676,1110,TRUE,TRUE
2022-12-23,1447,1118,TRUE,TRUE
2022-12-24,1201,895,TRUE,TRUE
2022-12-25,1236,792,TRUE,TRUE
2022-12-26,1494,968,TRUE,TRUE
2022-12-27,1452,898,TRUE,TRUE
2022-12-28,1495,780,TRUE,TRUE
2022-12-29,1616,783,TRUE,TRUE
2022-12-30,1839,899,TRUE,TRUE
2022-12-31,1569,786,TRUE,TRUE
2023-01-01,1564,739,TRUE,TRUE
2023-01-02,1748,1017,TRUE,TRUE
2023-01-03,1765,1027,TRUE,TRUE
2023-01-04,1574,863,TRUE,TRUE
2023-01-05,1751,739,TRUE,TRUE
2023-01-06,1716,562,TRUE,TRUE
2023-01-07,1584,548,TRUE,TRUE
2023-01-08,1770,673,TRUE,TRUE
2023-01-09,1853,592,TRUE,TRUE
2023-01-10,1745,523,TRUE,TRUE
2023-01-11,1652,1202,TRUE,TRUE
2023-01-12,1891,830,TRUE,TRUE
2023-01-13,1925,840,TRUE,TRUE
2023-01-14,1596,537,TRUE,TRUE
2023-01-15,1697,539,TRUE,TRUE
2023-01-16,1805,685,TRUE,TRUE
2023-01-17,1708,467,TRUE,TRUE
2023-01-18,1700,434,TRUE,TRUE
2023-01-19,1959,617,TRUE,TRUE
2023-01-20,1933,566,TRUE,TRUE
2023-01-21,1555,421,TRUE,TRUE
2023-01-22,1840,816,TRUE,TRUE
2023-01-23,1831,620,TRUE,TRUE
2023-01-24,1741,439,TRUE,TRUE
2023-01-25,1785,688,TRUE,TRUE
2023-01-26,1833,717,TRUE,TRUE
2023-01-27,1938,692,TRUE,TRUE
2023-01-28,1557,431,TRUE,TRUE
2023-01-29,1836,741,TRUE,TRUE
2023-01-30,1789,702,TRUE,TRUE
2023-01-31,1624,635,TRUE,TRUE
2023-02-01,1568,540,TRUE,TRUE
2023-02-02,1873,668,TRUE,TRUE
2023-02-03,1845,698,TRUE,TRUE
2023-02-04,1597,549,TRUE,TRUE
2023-02-05,1790,592,TRUE,TRUE
2023-02-06,1831,468,TRUE,TRUE
2023-02-07,1744,310,TRUE,TRUE
2023-02-08,1772,363,TRUE,TRUE
2023-02-09,1919,573,TRUE,TRUE
2023-02-10,1841,610,TRUE,TRUE
2023-02-11,1590,470,TRUE,TRUE
2023-02-12,1842,513,TRUE,TRUE
2023-02-13,1885,564,TRUE,TRUE
2023-02-14,1824,458,TRUE,TRUE
2023-02-15,1796,576,TRUE,TRUE
2023-02-16,1862,772,TRUE,TRUE
2023-02-17,1864,905,TRUE,TRUE
2023-02-18,1595,555,TRUE,TRUE
2023-02-19,1796,539,TRUE,TRUE
2023-02-20,1915,632,TRUE,TRUE
2023-02-21,1887,608,TRUE,TRUE
2023-02-22,1688,723,TRUE,TRUE
2023-02-23,1838,869,TRUE,TRUE
2023-02-24,1885,1011,TRUE,TRUE
2023-02-25,1653,766,TRUE,TRUE
2023-02-26,1878,813,TRUE,TRUE
2023-02-27,1819,731,TRUE,TRUE
2023-02-28,1667,570,TRUE,TRUE
2023-03-01,1768,630,TRUE,TRUE
2023-03-02,1837,665,TRUE,TRUE
2023-03-03,1825,732,TRUE,TRUE
2023-03-04,1603,663,TRUE,TRUE
2023-03-05,1881,746,TRUE,TRUE
2023-03-06,1948,662,TRUE,TRUE
2023-03-07,1766,478,TRUE,TRUE
2023-03-08,1951,604,TRUE,TRUE
2023-03-09,2011,749,TRUE,TRUE
2023-03-10,1982,1033,TRUE,TRUE
2023-03-11,1710,826,TRUE,TRUE
2023-03-12,1915,1067,TRUE,TRUE
2023-03-13,1952,969,TRUE,TRUE
2023-03-14,1829,819,TRUE,TRUE
2023-03-15,1863,830,TRUE,TRUE
2023-03-16,1899,758,TRUE,TRUE
2023-03-17,1882,767,TRUE,TRUE
2023-03-18,1736,771,TRUE,TRUE
2023-03-19,2003,874,TRUE,TRUE
2023-03-20,1983,694,TRUE,TRUE
2023-03-21,1813,617,TRUE,TRUE
2023-03-22,1940,630,TRUE,TRUE
2023-03-23,1966,747,TRUE,TRUE
2023-03-24,1984,828,TRUE,TRUE
2023-03-25,1756,859,TRUE,TRUE
2023-03-26,1854,987,TRUE,TRUE
2023-03-27,1979,981,TRUE,TRUE
2023-03-28,1916,642,TRUE,TRUE
2023-03-29,1859,604,TRUE,TRUE
2023-03-30,1953,725,TRUE,TRUE
2023-03-31,1907,833,TRUE,TRUE
2023-04-01,1734,940,TRUE,TRUE
2023-04-02,1776,862,TRUE,TRUE
2023-04-03,1981,792,TRUE,TRUE
2023-04-04,1887,681,TRUE,TRUE
2023-04-05,1808,906,TRUE,TRUE
2023-04-06,1982,902,TRUE,TRUE
2023-04-07,1987,762,TRUE,TRUE
2023-04-08,1690,526,TRUE,TRUE
2023-04-09,1892,612,TRUE,TRUE
2023-04-10,1992,702,TRUE,TRUE
2023-04-11,1868,555,TRUE,TRUE
2023-04-12,1943,532,TRUE,TRUE
2023-04-13,1915,655,TRUE,TRUE
2023-04-14,1958,763,TRUE,TRUE
2023-04-15,1736,725,TRUE,TRUE
2023-04-16,1886,911,TRUE,TRUE
2023-04-17,1949,918,TRUE,TRUE
2023-04-18,1877,742,TRUE,TRUE
2023-04-19,1869,634,TRUE,TRUE
2023-04-20,1965,906,TRUE,TRUE
2023-04-21,2009,899,TRUE,TRUE
2023-04-22,1629,721,TRUE,TRUE
2023-04-23,1931,854,TRUE,TRUE
2023-04-24,1923,683,TRUE,TRUE
2023-04-25,1890,603,TRUE,TRUE
2023-04-26,1818,674,TRUE,TRUE
2023-04-27,1962,853,TRUE,TRUE
2023-04-28,1885,840,TRUE,TRUE
2023-04-29,1653,637,TRUE,TRUE
2023-04-30,1892,955,TRUE,TRUE
2023-05-01,1978,773,TRUE,TRUE
2023-05-02,1799,495,TRUE,TRUE
2023-05-03,1991,513,TRUE,TRUE
2023-05-04,1945,671,TRUE,TRUE
2023-05-05,1965,697,TRUE,TRUE
2023-05-06,1666,513,TRUE,TRUE
2023-05-07,1993,809,TRUE,TRUE
2023-05-08,2013,786,TRUE,TRUE
2023-05-09,1885,593,TRUE,TRUE
2023-05-10,1859,643,TRUE,TRUE
2023-05-11,1964,815,TRUE,TRUE
2023-05-12,1972,821,TRUE,TRUE
2023-05-13,1734,664,TRUE,TRUE
2023-05-14,1880,795,TRUE,TRUE
2023-05-15,1997,818,TRUE,TRUE
2023-05-16,1927,679,TRUE,TRUE
2023-05-17,1899,645,TRUE,TRUE
2023-05-18,1956,771,TRUE,TRUE
2023-05-19,2033,889,TRUE,TRUE
2023-05-20,1659,648,TRUE,TRUE
2023-05-21,1927,748,TRUE,TRUE
2023-05-22,2040,802,TRUE,TRUE
2023-05-23,1948,697,TRUE,TRUE
2023-05-24,1942,709,TRUE,TRUE
2023-05-25,1954,733,TRUE,TRUE
2023-05-26,1914,742,TRUE,TRUE
2023-05-27,1653,508,TRUE,TRUE
2023-05-28,1874,490,TRUE,TRUE
2023-05-29,1971,583,TRUE,TRUE
2023-05-30,1863,562,TRUE,TRUE
2023-05-31,1928,642,TRUE,TRUE
2023-06-01,1949,692,TRUE,TRUE
2023-06-02,1931,757,TRUE,TRUE
2023-06-03,1632,635,TRUE,TRUE
2023-06-04,1979,791,TRUE,TRUE
2023-06-05,2103,772,TRUE,TRUE
2023-06-06,1894,700,TRUE,TRUE
2023-06-07,1907,686,TRUE,TRUE
2023-06-08,2010,792,TRUE,TRUE
2023-06-09,2058,795,TRUE,TRUE
2023-06-10,1698,644,TRUE,TRUE
2023-06-11,1924,863,TRUE,TRUE
2023-06-12,2028,1015,TRUE,TRUE
2023-06-13,1918,876,TRUE,TRUE
2023-06-14,1827,819,TRUE,TRUE
2023-06-15,2016,977,TRUE,TRUE
2023-06-16,2006,1029,TRUE,TRUE
2023-06-17,1730,766,TRUE,TRUE
2023-06-18,2000,886,TRUE,TRUE
2023-06-19,2048,906,TRUE,TRUE
2023-06-20,1882,798,TRUE,TRUE
2023-06-21,1966,956,TRUE,TRUE
2023-06-22,2047,1085,TRUE,TRUE
2023-06-23,2025,1076,TRUE,TRUE
2023-06-24,1810,862,TRUE,TRUE
2023-06-25,1843,1017,TRUE,TRUE
2023-06-26,1896,1086,TRUE,TRUE
2023-06-27,1715,920,TRUE,TRUE
2023-06-28,1733,902,TRUE,TRUE
2023-06-29,1978,1011,TRUE,TRUE
2023-06-30,1955,1034,TRUE,TRUE
2023-07-01,1739,934,TRUE,TRUE
2023-07-02,1796,931,TRUE,TRUE
2023-07-03,1845,663,TRUE,TRUE
2023-07-04,1694,531,TRUE,TRUE
2023-07-05,1989,842,TRUE,TRUE
2023-07-06,2009,874,TRUE,TRUE
2023-07-07,1906,824,TRUE,TRUE
2023-07-08,1807,855,TRUE,TRUE
2023-07-09,1828,950,TRUE,TRUE
2023-07-10,2074,1067,TRUE,TRUE
2023-07-11,1879,798,TRUE,TRUE
2023-07-12,1962,814,TRUE,TRUE
2023-07-13,2068,846,TRUE,TRUE
2023-07-14,2056,1143,TRUE,TRUE
2023-07-15,1760,950,TRUE,TRUE
2023-07-16,1805,1074,TRUE,TRUE
2023-07-17,2106,1078,TRUE,TRUE
2023-07-18,1834,841,TRUE,TRUE
2023-07-19,1944,866,TRUE,TRUE
2023-07-20,1964,916,TRUE,TRUE
2023-07-21,2105,1094,TRUE,TRUE
2023-07-22,1899,884,TRUE,TRUE
2023-07-23,2059,1027,TRUE,TRUE
2023-07-24,2123,995,TRUE,TRUE
2023-07-25,1883,806,TRUE,TRUE
2023-07-26,1951,931,TRUE,TRUE
2023-07-27,2021,972,TRUE,TRUE
2023-07-28,2012,1072,TRUE,TRUE
2023-07-29,1800,952,TRUE,TRUE
2023-07-30,1971,1002,TRUE,TRUE
2023-07-31,1962,880,TRUE,TRUE
2023-08-01,1888,741,TRUE,TRUE
2023-08-02,1970,732,TRUE,TRUE
2023-08-03,2040,838,TRUE,TRUE
2023-08-04,2087,989,TRUE,TRUE
2023-08-05,1826,778,TRUE,TRUE
2023-08-06,1929,962,TRUE,TRUE
2023-08-07,1874,1005,TRUE,TRUE
2023-08-08,1975,940,TRUE,TRUE
2023-08-09,1978,719,TRUE,TRUE
2023-08-10,2000,960,TRUE,TRUE
2023-08-11,2088,889,TRUE,TRUE
2023-08-12,1802,810,TRUE,TRUE
2023-08-13,2027,918,TRUE,TRUE
2023-08-14,2000,850,TRUE,TRUE
2023-08-15,1978,817,TRUE,TRUE
2023-08-16,1973,661,TRUE,TRUE
2023-08-17,1990,900,TRUE,TRUE
2023-08-18,1961,844,TRUE,TRUE
2023-08-19,1756,662,TRUE,TRUE
2023-08-20,1944,779,TRUE,TRUE
2023-08-21,1952,687,TRUE,TRUE
2023-08-22,2027,511,TRUE,TRUE
2023-08-23,1960,491,TRUE,TRUE
2023-08-24,2024,777,TRUE,TRUE
2023-08-25,2142,865,TRUE,TRUE
2023-08-26,1704,480,TRUE,TRUE
2023-08-27,2031,732,TRUE,TRUE
2023-08-28,2017,675,TRUE,TRUE
2023-08-29,1842,516,TRUE,TRUE
2023-08-30,1809,588,TRUE,TRUE
2023-08-31,1975,700,TRUE,TRUE
