delayed_flights,observed,observed_probability,poisson_probability
33,1,5.868544600938967e-4,1.8893438625427023e-199
37,2,0.0011737089201877935,1.373737557688694e-194
40,1,5.868544600938967e-4,4.5838303965794296e-191
43,2,0.0011737089201877935,1.2245031332929853e-187
44,2,0.0011737089201877935,1.6215047006615496e-186
45,4,0.002347417840375587,2.0995039013026988e-185
46,1,5.868544600938967e-4,2.659315360125885e-184
47,2,0.0011737089201877935,3.2967269005262313e-183
48,1,5.868544600938967e-4,4.001775511173674e-182
49,1,5.868544600938967e-4,4.7584732248732746e-181
50,1,5.868544600938967e-4,5.5450901784070895e-180
51,3,0.0017605633802816902,6.335040927920712e-179
52,2,0.0011737089201877935,7.098344438424928e-178
54,3,0.0017605633802816902,8.419948112693166e-176
56,1,5.868544600938967e-4,9.280698716340006e-174
57,1,5.868544600938967e-4,9.486735808033828e-173
58,2,0.0011737089201877935,9.53015140830474e-172
59,3,0.0017605633802816902,9.411498482807644e-171
60,3,0.0017605633802816902,9.139417437564706e-170
62,1,5.868544600938967e-4,8.203873684927598e-168
65,1,5.868544600938967e-4,6.191816085350285e-165
66,1,5.868544600938967e-4,5.4661947446537305e-164
67,1,5.868544600938967e-4,4.753585233048044e-163
68,1,5.868544600938967e-4,4.0730839404990797e-162
69,1,5.868544600938967e-4,3.439420356821873e-161
70,2,0.0011737089201877935,2.86284743907454e-160
71,1,5.868544600938967e-4,2.3493668914509907e-159
73,1,5.868544600938967e-4,1.5174607376890476e-157
74,1,5.868544600938967e-4,1.1948041739543054e-156
78,2,0.0011737089201877935,4.02235593721388e-153
80,1,5.868544600938967e-4,2.1606548448331003e-151
82,1,5.868544600938967e-4,1.1043544868871048e-149
83,1,5.868544600938967e-4,7.752493225185553e-149
84,3,0.0017605633802816902,5.377409338791728e-148
85,1,5.868544600938967e-4,3.686083416289709e-147
86,3,0.0017605633802816902,2.497340128070288e-146
87,2,0.0011737089201877935,1.6725127251454654e-145
89,2,0.0011737089201877935,7.249678166298149e-144
91,2,0.0011737089201877935,3.00508528005915e-142
95,1,5.868544600938967e-4,4.5329248322446265e-139
96,1,5.868544600938967e-4,2.7511753528586227e-138
97,5,0.0029342723004694834,1.652561099933577e-137
98,2,0.0011737089201877935,9.825223484606106e-137
101,2,0.0011737089201877935,1.9436534452598863e-134
102,2,0.0011737089201877935,1.1102726672835256e-133
103,3,0.0017605633802816902,6.280632924266039e-133
104,2,0.0011737089201877935,3.51869043112755e-132
105,2,0.0011737089201877935,1.9525526289469904e-131
106,3,0.0017605633802816902,1.073267234576592e-130
108,1,5.868544600938967e-4,3.152987967977754e-129
109,1,5.868544600938967e-4,1.685414800087714e-128
112,3,0.0017605633802816902,2.4378449466501674e-126
115,2,0.0011737089201877935,3.255051828166153e-124
116,1,5.868544600938967e-4,1.6349742098874772e-123
117,2,0.0011737089201877935,8.142092509667051e-123
118,1,5.868544600938967e-4,4.02036064373727e-122
119,1,5.868544600938967e-4,1.96847108267743e-121
120,1,5.868544600938967e-4,9.557818540388893e-121
121,1,5.868544600938967e-4,4.602400396294246e-120
122,3,0.0017605633802816902,2.1980398179105901e-119
123,1,5.868544600938967e-4,1.0412174352712855e-118
124,3,0.0017605633802816902,4.892498874030015e-118
125,1,5.868544600938967e-4,2.2805085725767982e-117
126,2,0.0011737089201877935,1.0545620820864328e-116
127,4,0.002347417840375587,4.838150998414729e-116
129,3,0.0017605633802816902,9.94721979087347e-115
130,1,5.868544600938967e-4,4.4583006224405016e-114
131,2,0.0011737089201877935,1.9829375716256817e-113
132,2,0.0011737089201877935,8.752781723153673e-113
133,2,0.0011737089201877935,3.8344708886481604e-112
134,1,5.868544600938967e-4,1.6672918771013577e-111
135,2,0.0011737089201877935,7.195961872443568e-111
136,3,0.0017605633802816902,3.082910614006195e-110
137,3,0.0017605633802816902,1.3111469032682805e-109
138,2,0.0011737089201877935,5.535836500993271e-109
139,1,5.868544600938967e-4,2.3204886172002124e-108
140,1,5.868544600938967e-4,9.657448357507113e-108
141,1,5.868544600938967e-4,3.990747677393359e-107
144,4,0.002347417840375587,2.699605839306596e-105
145,1,5.868544600938967e-4,1.084784183387839e-104
146,1,5.868544600938967e-4,4.3291384614256684e-104
147,1,5.868544600938967e-4,1.7159124658495848e-103
148,2,0.0011737089201877935,6.755296283512187e-103
149,1,5.868544600938967e-4,2.6416125610529687e-102
150,6,0.0035211267605633804,1.0260980203260865e-101
151,3,0.0017605633802816902,3.959340845049499e-101
152,1,5.868544600938967e-4,1.517715222163583e-100
153,4,0.002347417840375587,5.779760556930944e-100
154,4,0.002347417840375587,2.1867549275291715e-99
155,1,5.868544600938967e-4,8.22014358061788e-99
156,1,5.868544600938967e-4,3.070193817342142e-98
157,1,5.868544600938967e-4,1.1394023953348374e-97
158,2,0.0011737089201877935,4.2017579351319276e-97
159,2,0.0011737089201877935,1.5397311370914497e-96
160,1,5.868544600938967e-4,5.607068960325984e-96
161,5,0.0029342723004694834,2.0291820370691388e-95
162,3,0.0017605633802816902,7.298220531320128e-95
164,2,0.0011737089201877935,9.268458408401473e-94
165,3,0.0017605633802816902,3.2729136618198135e-93
166,2,0.0011737089201877935,1.1487815412148922e-92
167,1,5.868544600938967e-4,4.008039244484339e-92
168,4,0.002347417840375587,1.3900603997637157e-91
169,2,0.0011737089201877935,4.792454015204785e-91
170,1,5.868544600938967e-4,1.6425553789761025e-90
171,4,0.002347417840375587,5.5967369866867516e-90
173,1,5.868544600938967e-4,6.385314954017694e-89
174,3,0.0017605633802816902,2.1381790158692262e-88
175,4,0.002347417840375587,7.11896736637391e-88
176,3,0.0017605633802816902,2.356759802114255e-87
177,2,0.0011737089201877935,7.758058381112132e-87
178,1,5.868544600938967e-4,2.539475509468359e-86
179,1,5.868544600938967e-4,8.266125328661714e-86
180,1,5.868544600938967e-4,2.675718789020749e-85
181,4,0.002347417840375587,8.613365592974889e-85
182,2,0.0011737089201877935,2.757480696817418e-84
183,3,0.0017605633802816902,8.779552475276305e-84
184,1,5.868544600938967e-4,2.7801328135240308e-83
185,2,0.0011737089201877935,8.755980849440421e-83
187,2,0.0011737089201877935,8.546183779605581e-82
188,1,5.868544600938967e-4,2.6486548366468184e-81
189,3,0.0017605633802816902,8.165345200775556e-81
190,1,5.868544600938967e-4,2.5039862321391045e-80
191,2,0.0011737089201877935,7.638525928138435e-80
192,3,0.0017605633802816902,2.3180314083500983e-79
193,3,0.0017605633802816902,6.99798480126159e-79
195,1,5.868544600938967e-4,6.2799853283940615e-78
196,2,0.0011737089201877935,1.866867716237534e-77
197,1,5.868544600938967e-4,5.521515645457669e-77
198,1,5.868544600938967e-4,1.6248156915348322e-76
199,3,0.0017605633802816902,4.7573161748605785e-76
200,2,0.0011737089201877935,1.3859354644944338e-75
201,2,0.0011737089201877935,4.0175189906542533e-75
202,2,0.0011737089201877935,1.1588242014241839e-74
203,3,0.0017605633802816902,3.3260785882380333e-74
204,1,5.868544600938967e-4,9.499775165072851e-74
205,2,0.0011737089201877935,2.7000415877179823e-73
208,3,0.0017605633802816902,6.021469847133216e-72
209,1,5.868544600938967e-4,1.6786772995252497e-71
211,5,0.0029342723004694834,1.2861376240004557e-70
213,1,5.868544600938967e-4,9.669275938783483e-70
216,1,5.868544600938967e-4,1.924513371867809e-68
217,2,0.0011737089201877935,5.167401261508131e-68
218,3,0.0017605633802816902,1.3811049475275345e-67
220,1,5.868544600938967e-4,9.731546471105064e-67
221,1,5.868544600938967e-4,2.565668693574699e-66
222,1,5.868544600938967e-4,6.733774803152011e-66
223,2,0.0011737089201877935,1.759400507612197e-65
224,2,0.0011737089201877935,4.576439046202357e-65
229,1,5.868544600938967e-4,5.099122873672371e-63
232,1,5.868544600938967e-4,8.182775567166939e-62
236,1,5.868544600938967e-4,3.118838933717647e-60
237,1,5.868544600938967e-4,7.66753185225369e-60
238,2,0.0011737089201877935,1.8771095511271287e-59
240,1,5.868544600938967e-4,1.1109703086653598e-58
241,1,5.868544600938967e-4,2.685940560083765e-58
243,2,0.0011737089201877935,1.5505891238412453e-57
244,1,5.868544600938967e-4,3.702694617971961e-57
245,1,5.868544600938967e-4,8.805677954850786e-57
246,3,0.0017605633802816902,2.0856367890300917e-56
247,1,5.868544600938967e-4,4.919859645632585e-56
249,1,5.868544600938967e-4,2.704728398218534e-55
252,1,5.868544600938967e-4,3.3833143691165294e-54
253,1,5.868544600938967e-4,7.791710711315703e-54
255,1,5.868544600938967e-4,4.0839545313972095e-53
262,1,5.868544600938967e-4,1.1911051630037408e-50
264,2,0.0011737089201877935,5.82387985858297e-50
266,2,0.0011737089201877935,2.8048321203011083e-49
269,1,5.868544600938967e-4,2.8823153861898444e-48
270,1,5.868544600938967e-4,6.219976210595554e-48
271,2,0.0011737089201877935,1.3373048526705794e-47
272,1,5.868544600938967e-4,2.864656176298049e-47
273,1,5.868544600938967e-4,6.11393539021367e-47
277,1,5.868544600938967e-4,1.2231865251567308e-45
279,1,5.868544600938967e-4,5.353843406807477e-45
281,1,5.868544600938967e-4,2.3100601521041697e-44
283,1,5.868544600938967e-4,9.826745767853432e-44
284,2,0.0011737089201877935,2.0160549635474134e-43
286,2,0.0011737089201877935,8.3967930668246e-43
287,1,5.868544600938967e-4,1.7046787265964323e-42
290,3,0.0017605633802816902,1.396970310580939e-41
292,3,0.0017605633802816902,5.581273583506228e-41
295,1,5.868544600938967e-4,4.344395026449077e-40
297,2,0.0011737089201877935,1.6776568056035127e-39
298,2,0.0011737089201877935,3.28018128652249e-39
299,1,5.868544600938967e-4,6.392012948197368e-39
300,1,5.868544600938967e-4,1.241444701002955e-38
301,2,0.0011737089201877935,2.4031001537869e-38
303,2,0.0011737089201877935,8.915470663034519e-38
306,1,5.868544600938967e-4,6.215590426183514e-37
307,1,5.868544600938967e-4,1.1796549688609752e-36
308,1,5.868544600938967e-4,2.231594449745584e-36
309,1,5.868544600938967e-4,4.2079229687403243e-36
310,1,5.868544600938967e-4,7.908918037356203e-36
312,1,5.868544600938967e-4,2.7670949851734225e-35
313,2,0.0011737089201877935,5.150990127278922e-35
318,2,0.0011737089201877935,1.0978221513834259e-33
319,1,5.868544600938967e-4,2.0051750596899223e-33
322,1,5.868544600938967e-4,1.1991523836112427e-32
327,1,5.868544600938967e-4,2.220920779810656e-31
330,1,5.868544600938967e-4,1.2336226914345053e-30
331,1,5.868544600938967e-4,2.171527548174996e-30
333,2,0.0011737089201877935,6.668144484791445e-30
334,1,5.868544600938967e-4,1.1632405215473522e-29
335,1,5.868544600938967e-4,2.023185497047571e-29
337,2,0.0011737089201877935,6.06580577721171e-29
339,4,0.002347417840375587,1.7971903476238823e-28
340,1,5.868544600938967e-4,3.079825766890982e-28
343,1,5.868544600938967e-4,1.5229460059572636e-27
346,1,5.868544600938967e-4,7.336076189268405e-27
350,2,0.0011737089201877935,5.731992243260135e-26
351,1,5.868544600938967e-4,9.515014737863438e-26
353,2,0.0011737089201877935,2.5996451551140925e-25
356,1,5.868544600938967e-4,1.14938472749062e-24
357,1,5.868544600938967e-4,1.87589356563559e-24
358,2,0.0011737089201877935,3.053065733250585e-24
359,1,5.868544600938967e-4,4.9551030866218505e-24
360,4,0.002347417840375587,8.01975647794545e-24
361,1,5.868544600938967e-4,1.2943894569129795e-23
362,1,5.868544600938967e-4,2.0833746912850774e-23
363,1,5.868544600938967e-4,3.344042180155481e-23
364,1,5.868544600938967e-4,5.352804116803549e-23
366,1,5.868544600938967e-4,1.3602833319732268e-22
367,2,0.0011737089201877935,2.159604879313114e-22
370,2,0.0011737089201877935,8.50220073549622e-22
372,1,5.868544600938967e-4,2.0913969983569533e-21
376,1,5.868544600938967e-4,1.2254084893435584e-20
378,2,0.0011737089201877935,2.9192393880774335e-20
379,3,0.0017605633802816902,4.487882603987757e-20
381,1,5.868544600938967e-4,1.0523371229544025e-19
383,1,5.868544600938967e-4,2.4418260902913333e-19
384,1,5.868544600938967e-4,3.7050535825068286e-19
387,1,5.868544600938967e-4,1.2742905345575092e-18
388,2,0.0011737089201877935,1.9135848295123017e-18
389,1,5.868544600938967e-4,2.866217252144475e-18
390,1,5.868544600938967e-4,4.282086997819305e-18
391,1,5.868544600938967e-4,6.381014284391627e-18
392,1,5.868544600938967e-4,9.484504295352911e-18
393,1,5.868544600938967e-4,1.4061546097359673e-17
394,2,0.0011737089201877935,2.0794469286868288e-17
396,2,0.0011737089201877935,4.513126792109129e-17
397,2,0.0011737089201877935,6.623659759904085e-17
398,1,5.868544600938967e-4,9.696744029718001e-17
400,2,0.0011737089201877935,2.0626000309610067e-16
401,1,5.868544600938967e-4,2.996964751471402e-16
402,3,0.0017605633802816902,4.34376748117557e-16
403,3,0.0017605633802816902,6.280186071180982e-16
406,3,0.0017605633802816902,1.870006226833693e-15
409,1,5.868544600938967e-4,5.446257055901015e-15
412,1,5.868544600938967e-4,1.551701586656386e-14
414,1,5.868544600938967e-4,3.0809154986177425e-14
415,3,0.0017605633802816902,4.32556336104153e-14
416,3,0.0017605633802816902,6.058433358255736e-14
417,2,0.0011737089201877935,8.465161885577013e-14
418,3,0.0017605633802816902,1.1799673049006341e-13
419,1,5.868544600938967e-4,1.6408426598365462e-13
420,4,0.002347417840375587,2.2762954797117325e-13
421,2,0.0011737089201877935,3.1503407282061703e-13
422,2,0.0011737089201877935,4.349667550584062e-13
423,1,5.868544600938967e-4,5.991377512409365e-13
424,3,0.0017605633802816902,8.23325973230722e-13
427,1,5.868544600938967e-4,2.106582030494439e-12
428,2,0.0011737089201877935,2.867778430770599e-12
429,1,5.868544600938967e-4,3.894926705491492e-12
430,1,5.868544600938967e-4,5.277665022191729e-12
431,1,5.868544600938967e-4,7.134697087279133e-12
432,2,0.0011737089201877935,9.622829263695254e-12
433,1,5.868544600938967e-4,1.2948691131117766e-11
434,3,0.0017605633802816902,1.738389659014886e-11
435,2,0.0011737089201877935,2.3284604233787945e-11
436,3,0.0017605633802816902,3.111668755826371e-11
437,2,0.0011737089201877935,4.1488039215050806e-11
439,4,0.002347417840375587,7.324976819654212e-11
440,2,0.0011737089201877935,9.699839896174599e-11
441,1,5.868544600938967e-4,1.2815541585541898e-10
442,3,0.0017605633802816902,1.689373520172676e-10
443,2,0.0011737089201877935,2.2219431557784397e-10
444,4,0.002347417840375587,2.9158216869323484e-10
445,2,0.0011737089201877935,3.817789142689993e-10
446,1,5.868544600938967e-4,4.987559245715229e-10
447,3,0.0017605633802816902,6.501170143409946e-10
448,1,5.868544600938967e-4,8.455212091158745e-10
449,2,0.0011737089201877935,1.0972084729527147e-9
450,1,5.868544600938967e-4,1.4206517369741652e-9
451,2,0.0011737089201877935,1.8353634236029966e-9
452,1,5.868544600938967e-4,2.365890418666472e-9
454,2,0.0011737089201877935,3.905373239891855e-9
455,3,0.0017605633802816902,5.001060831158669e-9
456,1,5.868544600938967e-4,6.390109235737965e-9
458,1,5.868544600938967e-4,1.0364505341382367e-8
459,4,0.002347417840375587,1.3156697270875877e-8
460,2,0.0011737089201877935,1.6664797392973295e-8
461,2,0.0011737089201877935,2.106250883213639e-8
462,1,5.868544600938967e-4,2.6563121730922567e-8
463,2,0.0011737089201877935,3.342790115075987e-8
465,2,0.0011737089201877935,5.2596900388041006e-8
466,1,5.868544600938967e-4,6.576354597609725e-8
467,2,0.0011737089201877935,8.20501405906573e-8
468,1,5.868544600938967e-4,1.0215143319696546e-7
469,1,5.868544600938967e-4,1.2690613255349833e-7
470,1,5.868544600938967e-4,1.573242750010147e-7
472,4,0.002347417840375587,2.4024524944985144e-7
473,1,5.868544600938967e-4,2.9594067211527943e-7
474,3,0.0017605633802816902,3.6377872952810894e-7
475,1,5.868544600938967e-4,4.4622580326275694e-7
476,4,0.002347417840375587,5.462088279540039e-7
477,1,5.868544600938967e-4,6.671927581573399e-7
478,3,0.0017605633802816902,8.132693681458423e-7
479,1,5.868544600938967e-4,9.892587247469064e-7
480,1,5.868544600938967e-4,1.2008247751050206e-6
482,1,5.868544600938967e-4,1.758366902384413e-6
484,1,5.868544600938967e-4,2.5535183526366514e-6
487,2,0.0011737089201877935,4.400124630244413e-6
488,2,0.0011737089201877935,5.2535895990458135e-6
489,3,0.0017605633802816902,6.259768496458988e-6
490,3,0.0017605633802816902,7.443431222249862e-6
491,3,0.0017605633802816902,8.832887019152497e-6
494,2,0.0011737089201877935,1.4581314180610549e-5
495,4,0.002347417840375587,1.7163365717053028e-5
496,1,5.868544600938967e-4,2.016191445722569e-5
497,2,0.0011737089201877935,2.3636674076684623e-5
499,2,0.0011737089201877935,3.229077391595491e-5
501,2,0.0011737089201877935,4.376155032654944e-5
502,2,0.0011737089201877935,5.079254450608626e-5
504,1,5.868544600938967e-4,6.801793202983459e-5
505,3,0.0017605633802816902,7.84771158024182e-5
506,2,0.0011737089201877935,9.036567653489026e-5
507,4,0.002347417840375587,1.0385000762555427e-4
508,4,0.002347417840375587,1.1911153136780751e-4
509,3,0.0017605633802816902,1.3634744797611062e-4
510,2,0.0011737089201877935,1.557714366323169e-4
511,3,0.0017605633802816902,1.7761429359299528e-4
512,3,0.0017605633802816902,2.0212449119460396e-4
513,4,0.002347417840375587,2.295686404779962e-4
514,1,5.868544600938967e-4,2.602318391585999e-4
516,2,0.0011737089201877935,3.3244934060470553e-4
517,2,0.0011737089201877935,3.7466741206717267e-4
518,1,5.868544600938967e-4,4.214316500342224e-4
519,2,0.0011737089201877935,4.7311942399491446e-4
521,1,5.868544600938967e-4,5.928593684029057e-4
522,2,0.0011737089201877935,6.617472904673755e-4
523,2,0.0011737089201877935,7.372274045430155e-4
524,2,0.0011737089201877935,8.197495206706244e-4
525,1,5.868544600938967e-4,9.097726060263618e-4
526,3,0.0017605633802816902,0.0010077622809727825
527,2,0.0011737089201877935,0.0011141879875545188
528,2,0.0011737089201877935,0.0012295198287090654
529,2,0.0011737089201877935,0.0013542250806453313
530,3,0.0017605633802816902,0.001488764385400777
531,3,0.0017605633802816902,0.0016335876354898829
532,2,0.0011737089201877935,0.0017891295677383138
533,1,5.868544600938967e-4,0.001955805088812117
534,4,0.002347417840375587,0.0021340043605170963
536,4,0.002347417840375587,0.002526380184326465
537,2,0.0011737089201877935,0.0027411664539425647
538,1,5.868544600938967e-4,0.0029686850158294623
539,3,0.0017605633802816902,0.0032091228509270042
540,4,0.002347417840375587,0.0034626099359708236
541,4,0.002347417840375587,0.0037292138934366375
542,2,0.0011737089201877935,0.004008934815412945
543,3,0.0017605633802816902,0.004301700331296231
544,5,0.0029342723004694834,0.004607360991034433
545,1,5.868544600938967e-4,0.004925686036548208
546,2,0.0011737089201877935,0.005256359633855076
547,2,0.0011737089201877935,0.005598977637256877
548,2,0.0011737089201877935,0.005953044954665511
549,2,0.0011737089201877935,0.00631797357971061
550,2,0.0011737089201877935,0.006693081351686522
551,2,0.0011737089201877935,0.007077591498653902
552,2,0.0011737089201877935,0.00747063301215599
554,2,0.0011737089201877935,0.008278363307229298
555,5,0.0029342723004694834,0.00869085465152471
556,2,0.0011737089201877935,0.009107489576772099
557,5,0.0029342723004694834,0.00952696293215575
561,2,0.0011737089201877935,0.011204733496929725
562,3,0.0017605633802816902,0.011616524254519589
563,3,0.0017605633802816902,0.012022057378761703
564,4,0.002347417840375587,0.012419687837235165
565,1,5.868544600938967e-4,0.01280776115686573
566,2,0.0011737089201877935,0.013184624838527939
567,1,5.868544600938967e-4,0.013548640069386036
568,2,0.0011737089201877935,0.01389819361693407
569,4,0.002347417840375587,0.014231709783676208
570,2,0.0011737089201877935,0.014547662297951574
571,4,0.002347417840375587,0.014844586014657081
572,1,5.868544600938967e-4,0.01512108829958913
573,1,5.868544600938967e-4,0.015375859972868415
574,5,0.0029342723004694834,0.015607685690405198
575,1,5.868544600938967e-4,0.015815453647600466
576,2,0.0011737089201877935,0.015998164496369757
577,5,0.0029342723004694834,0.01615493937505513
578,2,0.0011737089201877935,0.01628502696073134
579,1,5.868544600938967e-4,0.0163878094646482
580,2,0.0011737089201877935,0.016462807503955883
581,1,5.868544600938967e-4,0.016509683796201303
582,1,5.868544600938967e-4,0.01652824563718263
583,2,0.0011737089201877935,0.016518446137387642
584,3,0.0017605633802816902,0.016480384207165223
585,3,0.0017605633802816902,0.01641430329580926
586,3,0.0017605633802816902,0.01632058890456617
588,5,0.0029342723004694834,0.016052488732626796
589,5,0.0029342723004694834,0.015879545452591945
590,1,5.868544600938967e-4,0.015681840878678
591,1,5.868544600938967e-4,0.015460393722256304
592,4,0.002347417840375587,0.015216326929865027
593,2,0.0011737089201877935,0.014950858290014916
595,1,5.868544600938967e-4,0.0143610002539966
597,1,5.868544600938967e-4,0.013702066612539837
598,3,0.0017605633802816902,0.01335044919076228
599,2,0.0011737089201877935,0.012986138895326294
600,3,0.0017605633802816902,0.012610717037609952
601,5,0.0029342723004694834,0.012225772124484035
602,5,0.0029342723004694834,0.011832889072213396
603,4,0.002347417840375587,0.011433638814070298
604,2,0.0011737089201877935,0.011029568390967468
605,3,0.0017605633802816902,0.010622191605549693
606,1,5.868544600938967e-4,0.01021298031057679
607,2,0.0011737089201877935,0.009803356392260452
608,1,5.868544600938967e-4,0.009394684498703303
609,2,0.0011737089201877935,0.008988265552843945
610,3,0.0017605633802816902,0.008585331078544426
611,2,0.0011737089201877935,0.00818703835782163
612,3,0.0017605633802816902,0.007794466426837549
613,3,0.0017605633802816902,0.007408612908328157
614,3,0.0017605633802816902,0.007030391668715149
615,1,5.868544600938967e-4,0.006660631279382934
616,5,0.0029342723004694834,0.0063000742535866934
617,2,0.0011737089201877935,0.0059493770232247525
618,4,0.002347417840375587,0.0056091106133949195
619,1,5.868544600938967e-4,0.005279761967218481
620,3,0.0017605633802816902,0.004961735868941283
621,3,0.0017605633802816902,0.004655357409796022
622,4,0.002347417840375587,0.004360874938497372
624,1,5.868544600938967e-4,0.0038082282579464384
625,4,0.002347417840375587,0.003550209172116721
626,3,0.0017605633802816902,0.0033043846512919354
627,1,5.868544600938967e-4,0.003070676343066162
628,1,5.868544600938967e-4,0.00284895367258645
630,6,0.0035211267605633804,0.0024407099281363617
631,1,5.868544600938967e-4,0.00225370877805997
632,2,0.0011737089201877935,0.002077742415774675
633,2,0.0011737089201877935,0.0019124891652620834
634,4,0.002347417840375587,0.001757602709070267
635,3,0.0017605633802816902,0.001612716301136231
637,2,0.0011737089201877935,0.0013513984089496263
638,3,0.0017605633802816902,0.001234166382011688
639,4,0.002347417840375587,0.0011253402224128102
640,2,0.0011737089201877935,0.0010245068244213974
642,3,0.0017605633802816902,8.451694172507834e-4
643,2,0.0011737089201877935,7.658501264352085e-4
644,2,0.0011737089201877935,6.928973634199309e-4
645,2,0.0011737089201877935,6.259219501673692e-4
646,3,0.0017605633802816902,5.645451121836983e-4
647,1,5.868544600938967e-4,5.08399785590227e-4
648,2,0.0011737089201877935,4.571317020271572e-4
649,3,0.0017605633802816902,4.104002640716197e-4
650,1,5.868544600938967e-4,3.678792247938095e-4
651,3,0.0017605633802816902,3.2925718575066833e-4
652,1,5.868544600938967e-4,2.9423792814475683e-4
653,2,0.0011737089201877935,2.625405920786622e-4
654,2,0.0011737089201877935,2.3389971883134726e-4
655,2,0.0011737089201877935,2.0806517089889154e-4
656,1,5.868544600938967e-4,1.8480194419763174e-4
658,1,5.868544600938967e-4,1.451233343599334e-4
659,2,0.0011737089201877935,1.283106843630653e-4
660,5,0.0029342723004694834,1.132739052453039e-4
661,3,0.0017605633802816902,9.984800727438774e-5
662,4,0.002347417840375587,8.788047590733397e-5
663,6,0.0035211267605633804,7.72306801326884e-5
664,3,0.0017605633802816902,6.776926381138868e-5
665,3,0.0017605633802816902,5.937752761330466e-5
666,3,0.0017605633802816902,5.194680829436487e-5
667,3,0.0017605633802816902,4.537786123434937e-5
668,2,0.0011737089201877935,3.95802513647832e-5
669,2,0.0011737089201877935,3.44717568666054e-5
670,3,0.0017605633802816902,2.997778931286441e-5
671,5,0.0029342723004694834,2.6030833276268522e-5
672,1,5.868544600938967e-4,2.2569907817137385e-5
673,1,5.868544600938967e-4,1.9540051715472453e-5
674,3,0.0017605633802816902,1.689183381165047e-5
675,2,0.0011737089201877935,1.4580889373205052e-5
676,2,0.0011737089201877935,1.2567483008966884e-5
677,6,0.0035211267605633804,1.0816098304685418e-5
679,4,0.002347417840375587,7.97614670154582e-6
680,1,5.868544600938967e-4,6.834318402722886e-6
681,4,0.002347417840375587,5.8473499220238325e-6
682,1,5.868544600938967e-4,4.995577456727569e-6
683,2,0.0011737089201877935,4.261632356619627e-6
684,1,5.868544600938967e-4,3.6302026311013055e-6
685,4,0.002347417840375587,3.0878150773367137e-6
686,3,0.0017605633802816902,2.6226368284781144e-6
687,4,0.002347417840375587,2.2242951055284685e-6
688,5,0.0029342723004694834,1.8837139574617488e-6
689,1,5.868544600938967e-4,1.5929667892061104e-6
690,5,0.0029342723004694834,1.3451435036876226e-6
691,2,0.0011737089201877935,1.1342311201291311e-6
692,6,0.0035211267605633804,9.550067742699636e-7
693,2,0.0011737089201877935,8.029420553509864e-7
694,2,0.0011737089201877935,6.741176880478191e-7
695,4,0.002347417840375587,5.651476236653996e-7
696,1,5.868544600938967e-4,4.731116626554983e-7
697,4,0.002347417840375587,3.9549578886531804e-7
698,4,0.002347417840375587,3.301394540272745e-7
699,1,5.868544600938967e-4,2.7518910814479616e-7
700,3,0.0017605633802816902,2.2905732704376525e-7
701,5,0.0029342723004694834,1.9038694198940523e-7
702,4,0.002347417840375587,1.5801962756108003e-7
703,4,0.002347417840375587,1.3096845267985046e-7
704,2,0.0011737089201877935,1.0839394561594752e-7
705,2,0.0011737089201877935,8.958326686242961e-8
706,3,0.0017605633802816902,7.393212389901398e-8
707,1,5.868544600938967e-4,6.092909908980997e-8
708,3,0.0017605633802816902,5.014209630349995e-8
709,2,0.0011737089201877935,4.120664339135724e-8
710,2,0.0011737089201877935,3.381581650846824e-8
711,4,0.002347417840375587,2.771157853921695e-8
713,2,0.0011737089201877935,1.8531634127499154e-8
715,2,0.0011737089201877935,1.2323425365370559e-8
716,2,0.0011737089201877935,1.0028348193234477e-8
717,4,0.002347417840375587,8.149317468795613e-9
718,1,5.868544600938967e-4,6.613140965769077e-9
719,2,0.0011737089201877935,5.359075525375111e-9
721,4,0.002347417840375587,3.504645475255015e-9
722,1,5.868544600938967e-4,2.828250562135538e-9
723,3,0.0017605633802816902,2.2792427003277477e-9
724,2,0.0011737089201877935,1.8342688639028557e-9
725,3,0.0017605633802816902,1.4741306472752947e-9
726,4,0.002347417840375587,1.183069729168061e-9
727,4,0.002347417840375587,9.48171548065885e-10
728,1,5.868544600938967e-4,7.588685029216769e-10
729,5,0.0029342723004694834,6.065267884540731e-10
730,3,0.0017605633802816902,4.841033798227919e-10
731,2,0.0011737089201877935,3.8586174634833554e-10
732,6,0.0035211267605633804,3.0713664235046417e-10
733,1,5.868544600938967e-4,2.441398342085372e-10
735,2,0.0011737089201877935,1.5363042140293384e-10
736,1,5.868544600938967e-4,1.2162151114780494e-10
737,3,0.0017605633802816902,9.615101986268528e-11
738,1,5.868544600938967e-4,7.591166569138122e-11
739,5,0.0029342723004694834,5.985150430097442e-11
740,1,5.868544600938967e-4,4.712532283711793e-11
741,3,0.0017605633802816902,3.7055025645438547e-11
742,3,0.0017605633802816902,2.9097401094376055e-11
743,5,0.0029342723004694834,2.281793689043241e-11
744,3,0.0017605633802816902,1.786958336181545e-11
745,2,0.0011737089201877935,1.3975557514647646e-11
746,1,5.868544600938967e-4,1.0915441391266162e-11
747,3,0.0017605633802816902,8.513961618955358e-12
748,3,0.0017605633802816902,6.6319474746808185e-12
749,5,0.0029342723004694834,5.159056070538898e-12
752,2,0.0011737089201877935,2.409262773567755e-12
753,2,0.0011737089201877935,1.8642329585393374e-12
754,2,0.0011737089201877935,1.440588102308087e-12
756,1,5.868544600938967e-4,8.568268197981455e-13
757,3,0.0017605633802816902,6.594899174596165e-13
758,1,5.868544600938967e-4,5.069322749206869e-13
760,2,0.0011737089201877935,2.983434789659873e-13
761,4,0.002347417840375587,2.2842460399818863e-13
762,2,0.0011737089201877935,1.7466218832588838e-13
763,2,0.0011737089201877935,1.3337835194964177e-13
764,3,0.0017605633802816902,1.0171920940928791e-13
765,1,5.868544600938967e-4,7.747338444532312e-14
766,6,0.0035211267605633804,5.89297700946688e-14
767,3,0.0017605633802816902,4.47662144215503e-14
768,2,0.0011737089201877935,3.3962538072897695e-14
769,6,0.0035211267605633804,2.5732666187346142e-14
770,4,0.002347417840375587,1.9471752862206e-14
771,3,0.0017605633802816902,1.4715047166787048e-14
772,3,0.0017605633802816902,1.1105940589510753e-14
773,2,0.0011737089201877935,8.371183071800924e-15
775,1,5.868544600938967e-4,4.737684674349357e-15
776,1,5.868544600938967e-4,3.557258440672515e-15
777,5,0.0029342723004694834,2.667505892723166e-15
778,3,0.0017605633802816902,1.997729939118708e-15
779,5,0.0029342723004694834,1.4942054231260802e-15
780,5,0.0029342723004694834,1.1161606137239404e-15
781,4,0.002347417840375587,8.326963236397267e-16
783,1,5.868544600938967e-4,4.616789861918879e-16
784,3,0.0017605633802816902,3.4311130899063396e-16
785,1,5.868544600938967e-4,2.5466916461244226e-16
786,2,0.0011737089201877935,1.8878383552045666e-16
788,2,0.0011737089201877935,1.0334413417316575e-16
789,1,5.868544600938967e-4,7.63167409010694e-17
790,1,5.868544600938967e-4,5.628643102338525e-17
791,1,5.868544600938967e-4,4.146085141865259e-17
792,8,0.004694835680751174,3.05016983990816e-17
793,1,5.868544600938967e-4,2.241103030599265e-17
794,2,0.0011737089201877935,1.6445697900105113e-17
795,2,0.0011737089201877935,1.2053028051077766e-17
796,3,0.0017605633802816902,8.822549166988432e-18
797,2,0.0011737089201877935,6.449807510706434e-18
798,5,0.0029342723004694834,4.709283653935524e-18
799,5,0.0029342723004694834,3.434148400600735e-18
800,1,5.868544600938967e-4,2.5011518489564637e-18
801,4,0.002347417840375587,1.819359533837894e-18
802,1,5.868544600938967e-4,1.32176774733809e-18
803,5,0.0029342723004694834,9.590706326995513e-19
804,3,0.0017605633802816902,6.950331705478757e-19
805,1,5.868544600938967e-4,5.0306098777175985e-19
806,3,0.0017605633802816902,3.636608798756074e-19
807,3,0.0017605633802816902,2.625633097125045e-19
809,3,0.0017605633802816902,1.3636286941843985e-19
810,3,0.0017605633802816902,9.808940500348618e-20
811,1,5.868544600938967e-4,7.047129198569263e-20
812,6,0.0035211267605633804,5.056700038517808e-20
813,2,0.0011737089201877935,3.623995371820206e-20
814,3,0.0017605633802816902,2.5940253579841625e-20
815,2,0.0011737089201877935,1.8545032392184862e-20
816,4,0.002347417840375587,1.3241842719663327e-20
817,4,0.002347417840375587,9.443595062750092e-21
818,2,0.0011737089201877935,6.726591288788481e-21
819,8,0.004694835680751174,4.7854427669540085e-21
820,6,0.0035211267605633804,3.40031586587578e-21
821,2,0.0011737089201877935,2.413165415203961e-21
822,1,5.868544600938967e-4,1.7105125412135997e-21
823,4,0.002347417840375587,1.2109812398788143e-21
824,1,5.868544600938967e-4,8.562906290916e-22
826,4,0.002347417840375587,4.2658852690642475e-22
827,1,5.868544600938967e-4,3.00548558352859e-22
828,2,0.0011737089201877935,2.1149266029399911e-22
829,2,0.0011737089201877935,1.4864549695336491e-22
830,6,0.0035211267605633804,1.0434812569409283e-22
831,3,0.0017605633802816902,7.316352417649863e-23
832,4,0.002347417840375587,5.1236833041293717e-23
833,3,0.0017605633802816902,3.5838371283173173e-23
835,3,0.0017605633802816902,1.7470997991631215e-23
836,3,0.0017605633802816902,1.2176498626230403e-23
838,3,0.0017605633802816902,5.8935221888865084e-24
839,4,0.002347417840375587,4.092832297126465e-24
840,4,0.002347417840375587,2.8389363237591677e-24
841,2,0.0011737089201877935,1.966847298159803e-24
842,1,5.868544600938967e-4,1.3610357716696141e-24
843,4,0.002347417840375587,9.407039181075382e-25
844,2,0.0011737089201877935,6.494137714477508e-25
846,1,5.868544600938967e-4,3.0840144022841607e-25
847,2,0.0011737089201877935,2.1215045861997095e-25
848,1,5.868544600938967e-4,1.4576696465283365e-25
849,1,5.868544600938967e-4,1.0003740280391524e-25
850,4,0.002347417840375587,6.857320844521241e-26
851,3,0.0017605633802816902,4.6950032544127795e-26
853,2,0.0011737089201877935,2.193154600655599e-26
854,3,0.0017605633802816902,1.4963127076521297e-26
855,1,5.868544600938967e-4,1.0196878329650456e-26
856,2,0.0011737089201877935,6.9407189731179e-27
858,2,0.0011737089201877935,3.2044856128466698e-27
859,2,0.0011737089201877935,2.1735826059586696e-27
860,3,0.0017605633802816902,1.4726131914291042e-27
861,1,5.868544600938967e-4,9.96544101204819e-28
862,5,0.0029342723004694834,6.735971557795592e-28
863,4,0.002347417840375587,4.547790359916844e-28
864,2,0.0011737089201877935,3.066886346064074e-28
865,4,0.002347417840375587,2.065820402511081e-28
866,2,0.0011737089201877935,1.3899067307261713e-28
869,3,0.0017605633802816902,4.20397400733363e-29
870,1,5.868544600938967e-4,2.815475531112097e-29
871,1,5.868544600938967e-4,1.8834087773051865e-29
872,2,0.0011737089201877935,1.2584590633251021e-29
874,4,0.002347417840375587,5.599321340472917e-30
875,2,0.0011737089201877935,3.728535880375369e-30
876,2,0.0011737089201877935,2.4799630396110103e-30
877,1,5.868544600938967e-4,1.6476182837193785e-30
880,1,5.868544600938967e-4,4.798698925938007e-31
882,2,0.0011737089201877935,2.0965295342001584e-31
883,3,0.0017605633802816902,1.3834111412783215e-31
884,3,0.0017605633802816902,9.118218430285072e-32
885,2,0.0011737089201877935,6.00312945344918e-32
886,2,0.0011737089201877935,3.947798471761256e-32
887,1,5.868544600938967e-4,2.59323779455122e-32
888,1,5.868544600938967e-4,1.7015329535007798e-32
889,3,0.0017605633802816902,1.1151918612413132e-32
890,1,5.868544600938967e-4,7.300802032826968e-33
892,1,5.868544600938967e-4,3.1185304534744754e-33
893,2,0.0011737089201877935,2.0347427901801127e-33
894,1,5.868544600938967e-4,1.3261204955511896e-33
895,5,0.0029342723004694834,8.633182857060133e-34
897,1,5.868544600938967e-4,3.646636398084986e-34
898,1,5.868544600938967e-4,2.3660674094387386e-34
899,5,0.0029342723004694834,1.5334810359119556e-34
900,2,0.0011737089201877935,9.9276598339719e-35
902,3,0.0017605633802816902,4.147033416091396e-35
903,1,5.868544600938967e-4,2.6758438862713877e-35
904,1,5.868544600938967e-4,1.7246593592752465e-35
905,4,0.002347417840375587,1.110364934143199e-35
906,5,0.0029342723004694834,7.140827272471045e-36
907,2,0.0011737089201877935,4.5872480936494374e-36
911,2,0.0011737089201877935,7.726568849002205e-37
912,1,5.868544600938967e-4,4.93631457699497e-37
913,1,5.868544600938967e-4,3.1502356246803357e-37
914,3,0.0017605633802816902,2.008204012385898e-37
915,2,0.0011737089201877935,1.2787855616288568e-37
916,3,0.0017605633802816902,8.134169878761226e-38
917,1,5.868544600938967e-4,5.168385391828652e-38
918,2,0.0011737089201877935,3.280372759711245e-38
919,1,5.868544600938967e-4,2.0797861090272036e-38
920,3,0.0017605633802816902,1.3171700090866065e-38
922,1,5.868544600938967e-4,5.265907885111058e-39
923,1,5.868544600938967e-4,3.3241647861747185e-39
924,1,5.868544600938967e-4,2.0961461564845154e-39
925,2,0.0011737089201877935,1.3203553092517139e-39
927,1,5.868544600938967e-4,5.221822086041256e-40
928,2,0.0011737089201877935,3.278574693274601e-40
929,1,5.868544600938967e-4,2.0562710258107487e-40
931,3,0.0017605633802816902,8.062499524526538e-41
932,3,0.0017605633802816902,5.040397383226972e-41
933,3,0.0017605633802816902,3.1477057067383257e-41
934,3,0.0017605633802816902,1.963623554223839e-41
935,1,5.868544600938967e-4,1.2236511137344374e-41
938,2,0.0011737089201877935,2.942200703980883e-42
939,1,5.868544600938967e-4,1.82565071068918e-42
940,3,0.0017605633802816902,1.131620547742966e-42
941,1,5.868544600938967e-4,7.006839813570913e-43
946,1,5.868544600938967e-4,6.276529769400753e-44
948,1,5.868544600938967e-4,2.3734672971680343e-44
949,1,5.868544600938967e-4,1.4572297450010373e-44
950,3,0.0017605633802816902,8.937486729157781e-45
951,2,0.0011737089201877935,5.475778607542579e-45
952,1,5.868544600938967e-4,3.351351035162189e-45
953,1,5.868544600938967e-4,2.0489813584747983e-45
954,1,5.868544600938967e-4,1.2514128791130892e-45
955,2,0.0011737089201877935,7.634985848740716e-46
956,1,5.868544600938967e-4,4.653302993093572e-46
957,1,5.868544600938967e-4,2.833090069939309e-46
958,1,5.868544600938967e-4,1.7230816623961963e-46
959,1,5.868544600938967e-4,1.0468832257158666e-46
960,2,0.0011737089201877935,6.353865185283602e-47
961,1,5.868544600938967e-4,3.8523487443100855e-47
962,3,0.0017605633802816902,2.3332512739665073e-47
963,2,0.0011737089201877935,1.4117123441750424e-47
964,1,5.868544600938967e-4,8.532576016693564e-48
965,2,0.0011737089201877935,5.1518574826328e-48
966,1,5.868544600938967e-4,3.107403866817857e-48
968,1,5.868544600938967e-4,1.1269842480974075e-48
969,3,0.0017605633802816902,6.776493976618916e-49
971,1,5.868544600938967e-4,2.442508411173805e-49
972,2,0.0011737089201877935,1.4641338815924938e-49
973,1,5.868544600938967e-4,8.767563868836117e-50
977,1,5.868544600938967e-4,1.1158734262609782e-50
980,1,5.868544600938967e-4,2.352340989681249e-51
981,1,5.868544600938967e-4,1.3971474956198854e-51
983,1,5.868544600938967e-4,4.913593521562609e-52
985,1,5.868544600938967e-4,1.721035675943264e-52
986,1,5.868544600938967e-4,1.0170070086912399e-52
987,2,0.0011737089201877935,6.003683385954226e-53
989,2,0.0011737089201877935,2.0858665531719094e-53
995,1,5.868544600938967e-4,8.538335424752378e-55
1002,2,0.0011737089201877935,1.9601883370300451e-56
1004,1,5.868544600938967e-4,6.608229699991887e-57
1005,1,5.868544600938967e-4,3.831157942697822e-57
1006,1,5.868544600938967e-4,2.2189272494737713e-57
1007,1,5.868544600938967e-4,1.2838804350469734e-57
1009,2,0.0011737089201877935,4.285434463391831e-58
1011,2,0.0011737089201877935,1.4247684973536878e-58
1012,3,0.0017605633802816902,8.20303905492129e-59
1013,1,5.868544600938967e-4,4.718199732355668e-59
1014,5,0.0029342723004694834,2.7111238302677933e-59
1015,1,5.868544600938967e-4,1.5563035205569977e-59
1017,3,0.0017605633802816902,5.113304011908374e-60
1018,2,0.0011737089201877935,2.926609811592702e-60
1024,1,5.868544600938967e-4,1.0078691841363073e-61
1027,3,0.0017605633802816902,1.845845980686573e-62
1028,1,5.868544600938967e-4,1.0461966698879697e-62
1029,1,5.868544600938967e-4,5.923916744922935e-63
1030,2,0.0011737089201877935,3.3510639003484136e-63
1031,2,0.0011737089201877935,1.8938040099711827e-63
1033,2,0.0011737089201877935,6.0308286383901514e-64
1034,1,5.868544600938967e-4,3.398344774058297e-64
1038,3,0.0017605633802816902,3.393400920892935e-65
1040,1,5.868544600938967e-4,1.0661253303856226e-65
1046,1,5.868544600938967e-4,3.230895846015936e-67
1052,2,0.0011737089201877935,9.460142471336075e-69
1053,1,5.868544600938967e-4,5.234561342547285e-69
1054,1,5.868544600938967e-4,2.893681118107334e-69
1056,1,5.868544600938967e-4,8.817719270690429e-70
1060,1,5.868544600938967e-4,8.095389305366314e-71
1063,1,5.868544600938967e-4,1.3368957318970877e-71
1067,2,0.0011737089201877935,1.1954423245324578e-72
1072,1,5.868544600938967e-4,5.723564415114961e-74
1074,2,0.0011737089201877935,1.6861047313554094e-74
1076,1,5.868544600938967e-4,4.948639153921217e-75
1078,1,5.868544600938967e-4,1.4470158836474778e-75
1080,1,5.868544600938967e-4,4.215509512530888e-76
1081,1,5.868544600938967e-4,2.272141465556201e-76
1085,2,0.0011737089201877935,1.900048035823203e-77
1086,1,5.868544600938967e-4,1.019402614599173e-77
1087,1,5.868544600938967e-4,5.464207547188523e-78
1089,1,5.868544600938967e-4,1.565641725921961e-78
1094,1,5.868544600938967e-4,6.770737164196667e-80
1097,1,5.868544600938967e-4,1.0172732333577721e-80
1103,1,5.868544600938967e-4,2.2406106725812932e-82
1110,1,5.868544600938967e-4,2.5073498196038243e-84
1118,1,5.868544600938967e-4,1.3991671235761902e-86
1125,1,5.868544600938967e-4,1.4249556166082438e-88
1128,1,5.868544600938967e-4,1.969077884758864e-89
1143,1,5.868544600938967e-4,8.80642935111101e-94
1186,1,5.868544600938967e-4,1.0151193898818247e-106
1195,1,5.868544600938967e-4,1.6293686082067191e-109
1202,1,5.868544600938967e-4,1.0427164060069714e-111
